challenge_id,correct_answer,possible_answers,image_path
ade3852f-1bf4-4791-9f8e-e6eb77858e30,death,death;double death;triple death,path2.png
d95776ea-122b-49df-93fb-9d8996f9c7db,death,death;double death;triple death,path1.jpeg
2e1ae6cb-923e-4e1a-91ae-5b4af447a1e2,death,death;double death;triple death,path2.png
d62d8dbc-6f09-4848-b37d-2981ae8d4f25,death,death;double death;triple death,path2.png
bdf6ce21-9ce1-4f01-8d66-fd84b5411747,death,death;double death;triple death,path2.png
270a4ecc-650f-4e9f-afcd-46d665f85c14,death,death;double death;triple death,path2.png
5744bdfd-60a6-443f-be32-c9cad316d495,death,death;double death;triple death,path2.png
86f574ed-a344-4c0d-b494-c7916ff884ff,death,death;double death;triple death,path2.png
4cb5bc50-efbd-404e-a29c-8c81901c9336,death,death;double death;triple death,path2.png
2d1ba604-e0d3-473d-b685-c316a2f4ff46,death,death;double death;triple death,path2.png
3f817909-782c-446d-beaf-9b2c220bdc61,death,death;double death;triple death,path1.jpeg
510fe271-83e6-4ef3-90a7-cb45d171a4d8,death,death;double death;triple death,path1.jpeg
139d6de4-fb4d-4901-980f-4b7265e5a873,death,death;double death;triple death,path2.png
e5cfe1de-64cb-4494-8fb1-4ad2e93943e4,death,death;double death;triple death,path2.png
3d3c88f2-5142-4cbb-bb2c-eff513daba3d,death,death;double death;triple death,path1.jpeg
b02084f4-671c-447d-b5ad-e7d99348d894,death,death;double death;triple death,path2.png
864afc65-440f-4087-926d-fac8196cba2e,death,death;double death;triple death,path1.jpeg
26c82572-8631-44b0-bdb4-1f83388c70dc,death,death;double death;triple death,path1.jpeg
3b1a7f17-c839-44ac-96d7-28bc0588d226,death,death;double death;triple death,path2.png
842b65dd-327e-44bc-b9b3-b74d6faf7e0f,death,death;double death;triple death,path1.jpeg
e4577908-5c0d-46c5-afd2-e0e2836281a3,death,death;double death;triple death,path2.png
41a8ee8c-78a3-41c4-a21a-3cbe86cce11f,death,death;double death;triple death,path1.jpeg
f1ec614b-d27b-401b-bb27-42f7e0c39504,death,death;double death;triple death,path2.png
74d9cdcc-c5a6-4458-b214-e6d4efe4ea7c,death,death;double death;triple death,path2.png
e8016e89-5e55-4495-863a-ee113d117633,death,death;double death;triple death,path2.png
172a7b7c-54ac-4c0b-83ef-1f82c69c4f34,death,death;double death;triple death,path2.png
3c97bb9c-ddd4-47fa-87dc-f3f2b0c9e38d,death,death;double death;triple death,path1.jpeg
2733eb70-57f9-4356-899b-be165eb7bd37,death,death;double death;triple death,path2.png
64151c31-6a64-40b5-97ac-4cea0e0ffb4d,death,death;double death;triple death,path1.jpeg
8157cde6-ba21-4231-ab2c-e07a84eff8c2,death,death;double death;triple death,path2.png
a6696f54-d71c-4840-b0d1-16f3f51575b0,death,death;double death;triple death,path1.jpeg
8ed8bf21-1389-4936-b00c-1bd3e9f8a6db,death,death;double death;triple death,path2.png
e16a3431-8ca3-488d-adc4-8f3250b65e02,death,death;double death;triple death,path1.jpeg
67d17949-ab3f-489c-818f-2b4cc669badc,death,death;double death;triple death,path2.png
67c31b82-9ba2-495b-b549-018de6a1f320,death,death;double death;triple death,path2.png
0cd0b048-f3fe-4f8b-8f04-3af512175651,death,death;double death;triple death,path2.png
84cd3c5c-a384-49e2-9a53-e5d61ff3b4ef,death,death;double death;triple death,path2.png
0af2e362-8eac-44df-aab8-f72d52c867ef,death,death;double death;triple death,path1.jpeg
9d4cab7f-ec0f-4b26-bbe0-4f5b8ad016c3,death,death;double death;triple death,path1.jpeg
abc0c9e7-ca77-4916-aa50-5858576bebb9,death,death;double death;triple death,path1.jpeg
9b54d395-fb67-4390-9eca-28f92ed1ac05,death,death;double death;triple death,path2.png
aa2a0f9c-1060-4e45-9de0-f60689a989a5,death,death;double death;triple death,path1.jpeg
52a88382-d697-4c98-8abc-280ea3fc0de3,death,death;double death;triple death,path2.png
f552d455-5021-4d04-b31f-e32ed59439de,death,death;double death;triple death,path2.png
eda668e7-2f2d-49a0-99b4-496afe6de8c5,death,death;double death;triple death,path1.jpeg
c5b1c23f-d519-451e-af0f-47f9326750ca,death,death;double death;triple death,path1.jpeg
a5a88aeb-afd8-40a1-b347-31aded1b3321,death,death;double death;triple death,path2.png
cd16dfcf-b5e2-483d-a82c-17484a516884,death,death;double death;triple death,path1.jpeg
a23275a6-a5fd-45fb-9c86-9973bdab2a1e,death,death;double death;triple death,path1.jpeg
dba6e231-92d0-4290-8680-8dbee8f32c5d,death,death;double death;triple death,path2.png
3e6d8771-4079-4b61-9cf3-7a38fd73b6f9,death,death;double death;triple death,path1.jpeg
e0f766b2-9ff5-4cca-b11f-c6be386fa040,death,death;double death;triple death,path1.jpeg
d034168f-e152-4fbd-a607-ecee207562ec,death,death;double death;triple death,path2.png
6bca3b3c-cc86-4325-a309-593c5366746b,death,death;double death;triple death,path2.png
62c7d103-2099-49cc-b4f0-9a2e83d4c913,death,death;double death;triple death,path1.jpeg
24b76436-3620-4bfa-b52a-38ed804fc170,death,death;double death;triple death,path1.jpeg
2b92dc29-4bdf-4304-906a-5c64e2173fbf,death,death;double death;triple death,path2.png
9660f7bc-115b-4f98-9900-5bfddb9cba30,death,death;double death;triple death,path2.png
d3f9900f-6b33-45ce-9138-5a84e8c53b78,death,death;double death;triple death,path1.jpeg
63cbdc54-7159-44fd-b0b5-40c5f6b74991,death,death;double death;triple death,path1.jpeg
83652832-fcf8-47d6-a085-1ca3ef7a6b27,death,death;double death;triple death,path2.png
10901a27-9eed-416d-884e-7015bdbf3bb6,death,death;double death;triple death,path2.png
18942834-0864-4daf-b992-898971bf5aa3,death,death;double death;triple death,path1.jpeg
3c0e8b3b-84af-4242-8a82-481def0f17db,death,death;double death;triple death,path1.jpeg
2edca4f8-f711-4dad-a46b-4b077e1a17cf,death,death;double death;triple death,path1.jpeg
fba2e9bf-eaf0-43df-8f45-345bd436d745,death,death;double death;triple death,path2.png
a9250251-48e9-4050-aea3-1eadaf6489ff,death,death;double death;triple death,path2.png
06688f66-b994-459a-8cd3-e7312fa1935f,death,death;double death;triple death,path2.png
e13cacc3-986c-47a0-b31d-c236e4e6fae3,death,death;double death;triple death,path2.png
02aa7ebf-7fd5-4263-a0c4-c7f4e0fcc112,death,death;double death;triple death,path1.jpeg
95009263-2603-4587-a251-0669e0d5f67e,death,death;double death;triple death,path1.jpeg
41bb61ca-580a-4e84-a21f-741460626d88,death,death;double death;triple death,path2.png
cbfd0d39-c44a-4cfc-83f4-86f5770e636e,death,death;double death;triple death,path1.jpeg
35cde2b9-56ff-4140-9ed6-f873dd4a7c9d,death,death;double death;triple death,path1.jpeg
43a7a8df-b873-49e2-ab42-532fda1ea4b7,death,death;double death;triple death,path2.png
7d353529-cf3f-4c15-9ef7-c8dc678b5278,death,death;double death;triple death,path2.png
6ce336d3-e1aa-4ef6-b194-df76570343f9,death,death;double death;triple death,path1.jpeg
69bb4a4b-a69d-404a-865c-48952de4027f,death,death;double death;triple death,path2.png
a50f70e0-f006-4325-b239-8ccc1cf2bff0,death,death;double death;triple death,path2.png
f2daff64-8c8a-4446-8df4-9083480bcfaa,death,death;double death;triple death,path1.jpeg
9796ca63-114d-479c-bad1-2a221cb0ea4e,death,death;double death;triple death,path1.jpeg
3f107bed-5585-4cec-88ce-eb5276ef097b,death,death;double death;triple death,path1.jpeg
bb3c8c15-a4d8-4cb8-91bb-1bd8016625eb,death,death;double death;triple death,path2.png
d3cb3964-1b0e-426a-9633-d8f6b55841dd,death,death;double death;triple death,path1.jpeg
36dbcfe4-9ff1-4eeb-a61c-9784ed27b942,death,death;double death;triple death,path2.png
a3b8893a-24a1-4df9-a729-c05f141d488d,death,death;double death;triple death,path2.png
b60adaec-521d-455e-8ad6-54b6517cfb75,death,death;double death;triple death,path1.jpeg
eda599c8-1dbe-4547-8baa-fbbc54539015,death,death;double death;triple death,path2.png
dfdc35e8-6a7a-49be-8620-8a3650f9e8a2,death,death;double death;triple death,path1.jpeg
88962d90-d9b3-458f-8dc1-f0e703ab239a,death,death;double death;triple death,path1.jpeg
f72fc159-5972-4538-8985-c5303f57ec30,death,death;double death;triple death,path1.jpeg
30c604b0-78f1-4603-9e5e-48a88ef709ed,death,death;double death;triple death,path1.jpeg
80982066-72f5-4945-854b-fbd4632d490a,death,death;double death;triple death,path1.jpeg
c7addde7-cfb4-48ca-ade2-9e2638338376,death,death;double death;triple death,path1.jpeg
c9d824be-887f-4be8-a7dd-aaf9f9f5d197,death,death;double death;triple death,path2.png
5c6bd99c-4fb4-4f33-ae46-120cf403fc63,death,death;double death;triple death,path1.jpeg
88f3a2d0-d7bd-489d-872d-97ae3cef2a3e,death,death;double death;triple death,path2.png
d7daa7c6-f84f-4bd5-a3f7-eafa387462cc,death,death;double death;triple death,path1.jpeg
6d288ccf-28b2-432e-b9d2-f85fb42f0341,death,death;double death;triple death,path2.png
5fc89080-3559-4045-8e67-7973fdf1f53e,death,death;double death;triple death,path2.png
5baccad4-064b-4813-ba2f-27ab32c80db4,death,death;double death;triple death,path2.png
200d12c6-5d62-47a6-84e8-56b797d45fda,death,death;double death;triple death,path1.jpeg
2bc559b7-bf9e-43c8-bc91-29ffa5f32466,death,death;double death;triple death,path1.jpeg
a4257a9f-21a9-4627-94b1-f4820afaa68b,death,death;double death;triple death,path1.jpeg
7b9484e2-5b56-4581-a30d-0598ab935fc7,death,death;double death;triple death,path2.png
f78a240b-afb9-4407-a5cf-8412b514e78b,death,death;double death;triple death,path1.jpeg
f560083b-f24e-4691-abdf-a7d11c1cb3c0,death,death;double death;triple death,path2.png
b34e4d92-f289-422a-b7cd-94aa6006f021,death,death;double death;triple death,path1.jpeg
c3479d8d-a748-4cef-9ce0-39b872689463,death,death;double death;triple death,path1.jpeg
8a5e0363-c95a-4053-a0af-925d7d8fa66b,death,death;double death;triple death,path1.jpeg
c1a02dfe-ea21-48d0-8437-78aa1b98b4bc,death,death;double death;triple death,path1.jpeg
55cce53f-0873-4739-ba4d-6156a5d8f318,death,death;double death;triple death,path2.png
90bd3a94-c574-4cbf-99eb-9980078c9e01,death,death;double death;triple death,path2.png
c300e186-fbfd-4c4a-ab76-ba27492562c6,death,death;double death;triple death,path2.png
ff50c003-4978-4e35-8fb2-d9b32c698ed0,death,death;double death;triple death,path1.jpeg
fea10613-15f5-4b0f-8559-0471862cce2f,death,death;double death;triple death,path1.jpeg
73735488-da94-4b7e-8a1a-921d6637354d,death,death;double death;triple death,path1.jpeg
37c0f585-2563-405e-9d5c-43aee8b9ec62,death,death;double death;triple death,path2.png
4590117d-a439-4fdf-8a7c-e624bc14df0a,death,death;double death;triple death,path2.png
6ffb6e78-f7f2-4321-a117-460b140f9686,death,death;double death;triple death,path1.jpeg
7c854e21-3a43-4819-8a6c-1fbee38755ef,death,death;double death;triple death,path2.png
683dfa42-c67f-4ed9-b08e-3240f3e4b9c3,death,death;double death;triple death,path2.png
09f16e4e-f9fa-4698-b172-3be5c481c1c3,death,death;double death;triple death,path2.png
b6e9afdd-c786-44af-bec2-6820ef1be7f8,death,death;double death;triple death,path1.jpeg
d376e224-566d-4316-952b-a7dc43c781c7,death,death;double death;triple death,path2.png
a79b8c8a-da74-4dc1-97f1-e018b5f683af,death,death;double death;triple death,path1.jpeg
3e2bfeff-5926-4b10-b5f6-7fec77bec5f1,death,death;double death;triple death,path2.png
f833f3b6-58f0-4b6d-a1b0-c74aba885520,death,death;double death;triple death,path1.jpeg
a7ad78fc-af48-40b1-a8fd-a41638d985f7,death,death;double death;triple death,path2.png
ab71b1cc-4b6b-48de-87f3-3becb5ca8978,death,death;double death;triple death,path2.png
d185aba7-e979-4c89-a4d9-c5f3bc36d8fd,death,death;double death;triple death,path2.png
66526430-7aba-4495-a7b0-656c7ad4ef9d,death,death;double death;triple death,path1.jpeg
c0bb5749-5878-4cb2-b474-02a4f0d575e6,death,death;double death;triple death,path2.png
c6914c68-cd4a-4868-8630-206f8bff6997,death,death;double death;triple death,path1.jpeg
66fcb4e0-09ad-4d26-944e-fa0a139275f9,death,death;double death;triple death,path1.jpeg
ef20f469-94f3-4f9d-9676-82e47a0ef777,death,death;double death;triple death,path1.jpeg
c0087120-cd2e-4042-b15c-bd5626e63590,death,death;double death;triple death,path2.png
55a1547e-ac30-4bcb-aebc-8865e0f4ee3c,death,death;double death;triple death,path1.jpeg
d27634e4-d74a-4e3c-b50c-d0c51e57c8c0,death,death;double death;triple death,path2.png
a3c7877a-d037-4502-8639-6b760bdaca1d,death,death;double death;triple death,path1.jpeg
1b5f662a-2baf-4b1b-9f14-13d8ad21ebf7,death,death;double death;triple death,path1.jpeg
23807123-d08b-4467-8bc8-b528a47aeba1,death,death;double death;triple death,path1.jpeg
b506f01b-a181-4072-8b3d-528a78d5f460,death,death;double death;triple death,path2.png
8f9cdba6-c8c6-4baf-ba83-b2ba4488840f,death,death;double death;triple death,path2.png
4fe32d9e-b8e7-4d2a-801c-19d8fc014c18,death,death;double death;triple death,path1.jpeg
cba7515b-140a-4b86-af10-cab09276fc39,death,death;double death;triple death,path2.png
2e8f4a28-7e49-4850-abc8-6e7a371715e9,death,death;double death;triple death,path2.png
7e531e7f-13b8-41a8-8f7a-8e6dfdb238f2,death,death;double death;triple death,path1.jpeg
3151b060-0236-4bf1-8bd3-8c37d27152f0,death,death;double death;triple death,path2.png
08feb6d4-d22d-4cb4-8004-7a491367444a,death,death;double death;triple death,path1.jpeg
162304e7-5935-483a-988a-d3de54dd0152,death,death;double death;triple death,path1.jpeg
87f23ce0-db26-4d9f-aa25-597b8bad98e2,death,death;double death;triple death,path1.jpeg
cc9b72fd-e439-4459-bddc-1af26120716b,death,death;double death;triple death,path1.jpeg
96161898-7ef4-4eb0-a789-ff6f29562165,death,death;double death;triple death,path2.png
9c6d1293-64fd-446a-ac7d-c2a9768316bc,death,death;double death;triple death,path1.jpeg
c3479af9-7856-42b6-b141-30604086a3c9,death,death;double death;triple death,path1.jpeg
a2a3f3a0-0c6e-4ba6-a7a4-ac4369bdd42e,death,death;double death;triple death,path1.jpeg
d378b3fd-a215-46bb-bd40-d53db1a624c9,death,death;double death;triple death,path1.jpeg
0afde9f4-914c-460d-a3d9-f0230bfc024a,death,death;double death;triple death,path2.png
0c24d917-e94d-48f0-8e84-4741cd825e05,death,death;double death;triple death,path2.png
6bb60d25-124d-4792-b16c-f2524a29fa27,death,death;double death;triple death,path2.png
fd013029-0425-41aa-a894-854870de7401,death,death;double death;triple death,path2.png
18fc1e9c-aa9a-4ed8-a0ed-b85c5b79c5d5,death,death;double death;triple death,path1.jpeg
3d82e224-54e1-4b90-91cc-85bdeef5f0a0,death,death;double death;triple death,path2.png
402106dd-4f62-40ce-a723-804b766eafaf,death,death;double death;triple death,path2.png
836e1860-a1de-4432-a644-48110568575f,death,death;double death;triple death,path2.png
2e52dbb3-ae17-41a2-92b6-a54ed80d97d7,death,death;double death;triple death,path2.png
76f6ddfb-667c-4088-88f3-d2c9e4faf336,death,death;double death;triple death,path1.jpeg
29a34e50-b433-4bb2-bec0-e1b71245a270,death,death;double death;triple death,path2.png
1f925313-757b-4573-a0da-13f3da11321c,death,death;double death;triple death,path2.png
6ad17455-1e9f-46d1-bb73-7d0ff3cdbbfd,death,death;double death;triple death,path2.png
60c14fe6-b5db-4024-9881-62c3d13f2fb2,death,death;double death;triple death,path1.jpeg
34659884-6463-4e73-b014-32f83e9a83fe,death,death;double death;triple death,path1.jpeg
12a64273-b693-442c-8ad3-d9988b1ad395,death,death;double death;triple death,path2.png
b4b2b375-9f1d-4b20-b435-831ebb7ada06,death,death;double death;triple death,path1.jpeg
63942b5a-057b-44c6-95d4-df3e0d40c8a4,death,death;double death;triple death,path2.png
733cab56-57fe-4326-b4c0-91eb89489b3c,death,death;double death;triple death,path1.jpeg
4e70bcab-261d-4e86-8e3d-945c22a75792,death,death;double death;triple death,path1.jpeg
e6eb32dc-308d-45d0-8629-81bc4d141c5f,death,death;double death;triple death,path1.jpeg
d333951f-18ef-4b6a-9223-050756835dba,death,death;double death;triple death,path2.png
459b9c97-6800-4f65-bdc0-923960607da4,death,death;double death;triple death,path2.png
c93f7c41-08c4-4c1b-9221-1eaf328f53cf,death,death;double death;triple death,path2.png
7928ff0d-2989-4977-a548-1d70bdb95e80,death,death;double death;triple death,path2.png
915d1b89-33d2-4a3a-a49f-2c961900201e,death,death;double death;triple death,path2.png
d014214b-ef49-420a-ba75-6781f378b8d8,death,death;double death;triple death,path1.jpeg
e408a052-e075-4a1e-a404-5f988c800aa3,death,death;double death;triple death,path2.png
f6fcd59e-7f38-41fe-ba6b-5805b39b6c34,death,death;double death;triple death,path1.jpeg
39472e9e-7cf3-4ba7-b329-464c8314ab9f,death,death;double death;triple death,path2.png
57f0a847-4973-4b69-acc8-4800f8a2ad0a,death,death;double death;triple death,path2.png
72db1975-76e9-429d-bc3a-58caafac6166,death,death;double death;triple death,path2.png
6d858435-65f6-412b-99de-35e053287ef3,death,death;double death;triple death,path1.jpeg
66e0e6f0-e8d2-4306-a639-546beb39404a,death,death;double death;triple death,path1.jpeg
766cad51-1006-4914-b9f3-a35d9132800e,death,death;double death;triple death,path1.jpeg
741d301e-f756-4dca-be48-29d13966f219,death,death;double death;triple death,path2.png
7ac4eb6f-ba72-413a-b216-55a460622b55,death,death;double death;triple death,path1.jpeg
3c00889c-668e-4d21-afa5-b4bbba1076ae,death,death;double death;triple death,path1.jpeg
f861dea6-23e2-426a-90a5-2ac62a10515d,death,death;double death;triple death,path2.png
fa9ea329-3f47-47a0-9f6b-0c7d0d24c593,death,death;double death;triple death,path1.jpeg
a3e3100b-11a0-41b8-b9ec-8905e5199a0b,death,death;double death;triple death,path2.png
e188ed69-d3ea-4fa0-9018-81438f50fb2d,death,death;double death;triple death,path1.jpeg
a6613f0b-2c23-4f2c-8502-31461a3b16da,death,death;double death;triple death,path2.png
aa7d5e73-ab96-4b8b-908a-b7934e4de352,death,death;double death;triple death,path2.png
f7b4439c-342e-4aca-8a6d-783bf5acc5e7,death,death;double death;triple death,path1.jpeg
dae4112a-ef1b-4056-a5dd-a43f7f29c464,death,death;double death;triple death,path1.jpeg
11d8e59f-64da-4658-a42b-3ed2d68054ce,death,death;double death;triple death,path1.jpeg
f2039f09-3fda-492d-aa0e-ebb547724920,death,death;double death;triple death,path2.png
03ca7fb8-656f-401f-9f3a-0893fc8704dc,death,death;double death;triple death,path1.jpeg
c3ffa091-ef63-460b-9c87-3a384a69a499,death,death;double death;triple death,path1.jpeg
a8175d3e-1836-4e1e-ad05-c2d9b00023e1,death,death;double death;triple death,path1.jpeg
53ed2994-246d-4d4c-8940-9cd69d98df6e,death,death;double death;triple death,path2.png
277e88b0-9850-4494-82d5-4a9f4b31d37b,death,death;double death;triple death,path1.jpeg
fdb531a7-8d95-4f34-8603-2c3e0f34640a,death,death;double death;triple death,path1.jpeg
0b6b2f17-2de2-4986-b4a2-b8da606fb288,death,death;double death;triple death,path2.png
0a3993ad-46ac-4931-bb3a-a85806616d90,death,death;double death;triple death,path1.jpeg
c60564ce-ed59-4eb6-8fba-9ef061c70019,death,death;double death;triple death,path1.jpeg
7d19bd78-9631-4ce7-93d7-ca57b01626c9,death,death;double death;triple death,path1.jpeg
06ff0f12-856b-4514-ab4f-d7b89c7ccd48,death,death;double death;triple death,path1.jpeg
fe9ea75a-6a6a-412b-8eb7-c95c9bd866d0,death,death;double death;triple death,path2.png
c648656a-4050-4b9c-8710-002b0949309d,death,death;double death;triple death,path1.jpeg
9a5e46c4-d8a0-40e5-ad53-2f978b8f942a,death,death;double death;triple death,path2.png
e2c38806-f3c4-4dd5-802e-01639e557772,death,death;double death;triple death,path1.jpeg
8c479b0b-014c-47c6-bca4-161956ec0bb6,death,death;double death;triple death,path2.png
79ad2505-c61c-476d-bff5-643280364483,death,death;double death;triple death,path1.jpeg
c61a40b0-9712-4de4-b615-5e7454c7f6c3,death,death;double death;triple death,path1.jpeg
bf5739f3-a7db-475f-8429-783b31541b84,death,death;double death;triple death,path1.jpeg
f0044337-d85e-4e26-96fb-ea173ca44ad6,death,death;double death;triple death,path1.jpeg
4501987f-92b9-4112-ac5f-0607fd2fef85,death,death;double death;triple death,path2.png
4f67bd84-9cc3-4969-bcea-a8d4e515be5e,death,death;double death;triple death,path2.png
85072dc0-ae02-4c78-869d-7c82bfef9e55,death,death;double death;triple death,path2.png
49d259f8-261f-4354-87a7-1679ed3db7be,death,death;double death;triple death,path2.png
6e0b9146-031b-42a0-9fa3-f1b13710827e,death,death;double death;triple death,path2.png
1452d300-d16c-4901-8579-22b00ca9d443,death,death;double death;triple death,path2.png
af3ea72b-c5d2-4b21-b706-5b8d22de496c,death,death;double death;triple death,path2.png
8deeac0d-c9d7-4a8a-ba88-e85f572ebb5a,death,death;double death;triple death,path1.jpeg
b84612be-4634-4566-b8e5-6621cbee5992,death,death;double death;triple death,path1.jpeg
bb80f90f-415e-4972-bd61-79d4791f743b,death,death;double death;triple death,path2.png
48650e81-8e24-4a6f-a798-cf36b9e5e98e,death,death;double death;triple death,path1.jpeg
3c3097bc-2450-4691-8ed8-712ba514ff53,death,death;double death;triple death,path2.png
8b1c8849-95ef-4b4f-a42a-0f7e6d8ac430,death,death;double death;triple death,path2.png
20518034-00f7-4e88-b052-a5be9b3ca563,death,death;double death;triple death,path1.jpeg
6ff09883-cefd-425e-a306-ae1cb1982807,death,death;double death;triple death,path1.jpeg
0788cfde-9c9d-47af-84d3-32d89a2efa01,death,death;double death;triple death,path1.jpeg
2f18ad47-8528-4113-ba82-7c7ec88a8c17,death,death;double death;triple death,path1.jpeg
dbdb0b74-ab6c-4bfe-b9eb-8f28d2ff23c3,death,death;double death;triple death,path2.png
4e07a959-5459-42b7-a59a-2c5b287fc3dd,death,death;double death;triple death,path2.png
26d2825e-8d23-428c-b6dd-302254ef3b84,death,death;double death;triple death,path1.jpeg
2c9a58ee-15d6-49c1-b9ba-a485986daf60,death,death;double death;triple death,path2.png
9d7ae5be-1c92-46ba-90fb-3f04efc3e308,death,death;double death;triple death,path1.jpeg
d799166a-0806-4963-a112-1b2d0eaee227,death,death;double death;triple death,path1.jpeg
45ea05a0-5943-4af3-93be-e2e0f3c422b1,death,death;double death;triple death,path2.png
cdd2b311-8a1a-4e2c-aabb-99a6ff6c0ef7,death,death;double death;triple death,path1.jpeg
3db995d0-56b2-4bb5-8699-cb5e6a173a6a,death,death;double death;triple death,path1.jpeg
7489d899-c2f0-43b6-b94b-6756c45c9fdb,death,death;double death;triple death,path2.png
624c41bd-6928-4eeb-bc99-01b52545a04c,death,death;double death;triple death,path2.png
81415cae-788b-4884-8b5b-5db76020debf,death,death;double death;triple death,path1.jpeg
a74a0e18-6e5f-4624-b601-43c9b6f056af,death,death;double death;triple death,path1.jpeg
4c2d76da-f592-4504-9663-56e2c84202bc,death,death;double death;triple death,path2.png
c6e43ff5-c0aa-4886-b3d0-4ad73ef25477,death,death;double death;triple death,path1.jpeg
b9036d6d-e81c-4475-b3b2-27760d9a6b43,death,death;double death;triple death,path2.png
c1e00be8-6ef6-45f3-8432-b8ea5388bd7d,death,death;double death;triple death,path2.png
c58bdab4-f840-4a19-9e42-d2528f3e4cfd,death,death;double death;triple death,path2.png
0090a018-eb7b-427a-aefb-f3578709cd59,death,death;double death;triple death,path1.jpeg
fb6256ef-01f0-45c4-bf0c-009f6df914fc,death,death;double death;triple death,path1.jpeg
10679e14-43e2-4da0-abe9-47027960b67c,death,death;double death;triple death,path1.jpeg
b3201b4e-9f24-44b4-8114-66a9ecbb3924,death,death;double death;triple death,path1.jpeg
9dcc54a7-2d2b-4bf8-9a92-66dacb826afa,death,death;double death;triple death,path2.png
63af4102-98a7-40df-848f-0ed6c53a7c6a,death,death;double death;triple death,path1.jpeg
24c5309d-07dd-4c0f-886e-94ada16adad5,death,death;double death;triple death,path2.png
dde2ac3a-16e3-42d0-a7d4-827ecdb07619,death,death;double death;triple death,path2.png
41e8088c-4bbe-4fd6-bff6-8cdaed50c5e7,death,death;double death;triple death,path2.png
5d97b57f-5279-42b6-a9ec-028b75873eef,death,death;double death;triple death,path1.jpeg
a39973aa-95c9-40b9-bce1-48d793c53361,death,death;double death;triple death,path1.jpeg
ae60fb4c-a30e-41ef-a92b-966ffa92c477,death,death;double death;triple death,path1.jpeg
ef5d8e5f-21e7-4225-bd38-5dcae71e3265,death,death;double death;triple death,path2.png
75ef2ffa-53bd-473d-bcfb-082ac0590a93,death,death;double death;triple death,path2.png
c3d53fd5-5512-41ba-babf-7fc4b97c95d6,death,death;double death;triple death,path1.jpeg
d3f2e94e-6349-4689-9d73-09b04aa38553,death,death;double death;triple death,path2.png
689d334b-7059-480b-85b8-d3c68b370fd7,death,death;double death;triple death,path1.jpeg
e4027d74-499b-4501-b35f-46593651fcbf,death,death;double death;triple death,path2.png
c35c7f80-0bcf-4c87-a585-7c391c3fd244,death,death;double death;triple death,path1.jpeg
2a5b5e48-6a25-4a40-835f-749d6c9aaf68,death,death;double death;triple death,path1.jpeg
8dcc247b-ae29-4279-b6ad-0469876b179e,death,death;double death;triple death,path2.png
5ece6cd2-4f0c-4796-921d-bcd4b204e445,death,death;double death;triple death,path1.jpeg
77a26eb8-aad5-4289-842f-1fcac75ea250,death,death;double death;triple death,path1.jpeg
be7ab8d4-5c8d-47ce-b0b0-773be77407b8,death,death;double death;triple death,path1.jpeg
cb733cdf-e9a7-483b-a2ff-94d829718e3e,death,death;double death;triple death,path1.jpeg
4e87d2b0-f631-427a-804b-1d459acd365a,death,death;double death;triple death,path2.png
fa7e8213-6a76-4ff8-8a8a-29ff52965492,death,death;double death;triple death,path2.png
5294a728-e94d-4b99-a001-faafe0c47329,death,death;double death;triple death,path1.jpeg
092f2e54-7ba6-431a-8f87-0653c59d680c,death,death;double death;triple death,path2.png
0418c569-86c2-423c-a4ec-87ffdcd52aeb,death,death;double death;triple death,path1.jpeg
c56772ae-e195-4e7e-b708-4abfdcf7bb2a,death,death;double death;triple death,path1.jpeg
940d743f-aa2b-4226-a0b1-c62ca1cbfe25,death,death;double death;triple death,path2.png
723967a1-a79d-458b-bcaf-ffc2eefb388d,death,death;double death;triple death,path1.jpeg
8e42daee-0d37-41ae-a8f8-de9915610278,death,death;double death;triple death,path1.jpeg
31aa626f-b6c2-41fe-b615-2cb6bf5d1274,death,death;double death;triple death,path2.png
7e67476d-bb46-4843-ad22-d261122ebcb1,death,death;double death;triple death,path2.png
a0e6b107-2a89-4d6b-bd6c-04178ebe4a0a,death,death;double death;triple death,path2.png
cc7a3f04-8c64-4e51-b1e7-abdc96c7b448,death,death;double death;triple death,path2.png
2e2e9f76-aced-4fc8-becc-923afa46edec,death,death;double death;triple death,path2.png
fa20081a-24fe-4233-89d3-f4ec9fda2773,death,death;double death;triple death,path2.png
f1bc1b52-3748-46c0-9e50-449ddc666979,death,death;double death;triple death,path2.png
5ad4462c-71a9-458e-ab26-13e91eeb985d,death,death;double death;triple death,path2.png
5de95564-7828-4a4a-bff5-0b073660c885,death,death;double death;triple death,path1.jpeg
91398e0c-aad4-46e5-93f4-261fa7054334,death,death;double death;triple death,path1.jpeg
9d942479-1f6f-4039-90a8-82689669bb38,death,death;double death;triple death,path1.jpeg
02d47e74-c7b0-40fa-8dab-ec930ab77275,death,death;double death;triple death,path2.png
18504380-5495-4016-b8a7-2f495acf1783,death,death;double death;triple death,path1.jpeg
a62729bc-ee5d-46ef-8910-0a431858bf9e,death,death;double death;triple death,path1.jpeg
61ee8d10-4184-4ce9-a009-f88b54d70583,death,death;double death;triple death,path1.jpeg
45c9f254-3fdc-4b62-86ca-fba2841c7fbd,death,death;double death;triple death,path2.png
d89ad6b3-87ae-42f9-b30f-4b42013e99b3,death,death;double death;triple death,path2.png
6c8dccda-ec35-4430-92dc-3780b4b632f2,death,death;double death;triple death,path1.jpeg
40bf0991-8ae3-43cc-9a97-514ee3674006,death,death;double death;triple death,path1.jpeg
3c39004f-faf9-4e82-897f-37f86f908035,death,death;double death;triple death,path2.png
6636726a-054d-4fc7-a7d4-02acc1ca8e00,death,death;double death;triple death,path2.png
c6e31b6f-cb8c-450d-aad5-191fe06186f5,death,death;double death;triple death,path1.jpeg
3c707a79-ced5-488d-9109-d174886202d8,death,death;double death;triple death,path2.png
175c2cce-7651-4464-bd6c-33763932a791,death,death;double death;triple death,path1.jpeg
849eb055-e371-4c44-ae07-83f475780257,death,death;double death;triple death,path1.jpeg
ac2ac36d-07aa-4389-9d2d-ddcbc5701644,death,death;double death;triple death,path1.jpeg
91d6da7a-2d2e-4787-9154-06259885072a,death,death;double death;triple death,path2.png
d25ea4ac-5335-4882-8074-dd6b32dbecfb,death,death;double death;triple death,path2.png
f45594cd-4872-4033-8fc7-b81ef48206ac,death,death;double death;triple death,path2.png
332d359a-ee4c-4050-a191-4e15f4bf11ca,death,death;double death;triple death,path2.png
c54a388e-44fd-4092-ab88-b1c837b8020e,death,death;double death;triple death,path2.png
1dfa52e4-ede1-411b-b0bf-868446bf2101,death,death;double death;triple death,path2.png
7646c8a2-15cd-44a3-9e8d-816a9ea2f181,death,death;double death;triple death,path1.jpeg
f0361322-8197-4637-aa9c-98b613c36218,death,death;double death;triple death,path1.jpeg
2bcd086b-b061-4408-be86-8baa27be8518,death,death;double death;triple death,path2.png
be1bbe5f-6d19-49d4-98ad-8161cfeacddc,death,death;double death;triple death,path1.jpeg
fb21678c-6a04-451a-b352-14df114b944c,death,death;double death;triple death,path1.jpeg
d47592c4-b9c5-405b-a865-1e4cd703cd62,death,death;double death;triple death,path2.png
15d78f47-14e7-4447-87a3-d99dd8a687be,death,death;double death;triple death,path1.jpeg
29bd0938-dfe9-4c25-b5ff-5852a6545a87,death,death;double death;triple death,path1.jpeg
32533470-edc0-4763-b62a-ace003ffb56b,death,death;double death;triple death,path1.jpeg
03e64b08-567e-48e4-8541-fb5b056cc243,death,death;double death;triple death,path1.jpeg
6b53780b-b13e-405c-983c-1c85cfb6e8a9,death,death;double death;triple death,path2.png
fa8b8d7a-20bf-41b9-b5fc-77c576d188dd,death,death;double death;triple death,path2.png
7251b867-985e-48ca-a881-c05485f11bb2,death,death;double death;triple death,path1.jpeg
7c244cc0-2e32-49d6-8a2a-c6bb16c4ed4e,death,death;double death;triple death,path1.jpeg
4ab6fafd-a6ba-4450-96b8-f19f401141db,death,death;double death;triple death,path2.png
62958848-f5e3-43c5-9916-6060c0331eeb,death,death;double death;triple death,path1.jpeg
86b43516-fd4a-4bac-9e51-218a7e0d06ab,death,death;double death;triple death,path2.png
da062412-3331-47ec-aca3-5ea43e0c8c40,death,death;double death;triple death,path1.jpeg
da04901f-d043-4377-a7fd-317f65e30ed5,death,death;double death;triple death,path2.png
3f6ff6fa-a460-4255-b5f7-ec88fbc365c6,death,death;double death;triple death,path2.png
c4195364-0986-451a-867b-67e863201c0d,death,death;double death;triple death,path2.png
fca801a2-c2f3-4ee0-97f8-af334dc64998,death,death;double death;triple death,path1.jpeg
1f074eaf-6149-44b1-a4db-5c06e640614b,death,death;double death;triple death,path2.png
ffe45d8b-4218-466b-b1c0-452725a2a78a,death,death;double death;triple death,path2.png
024b3352-6085-40f3-9690-bc86383fa6e4,death,death;double death;triple death,path1.jpeg
7b0fb66d-d63c-48d7-b6f4-bfd4e47254da,death,death;double death;triple death,path2.png
64c6360a-954a-4139-b8dc-293b33178693,death,death;double death;triple death,path2.png
d32cec3c-5cfb-4bf6-addc-01bcf46ee5d3,death,death;double death;triple death,path2.png
a4378531-c72c-4b5d-897c-5c8492f54434,death,death;double death;triple death,path2.png
5f2bef3b-e234-480a-88fb-7595ca37998c,death,death;double death;triple death,path1.jpeg
8ced289f-f87b-4392-9167-9bba3223d6cf,death,death;double death;triple death,path2.png
5dec824d-7684-4353-81c0-1d23e7472bf6,death,death;double death;triple death,path1.jpeg
83a310a9-e673-4841-8201-68ffe17811fc,death,death;double death;triple death,path1.jpeg
c94abda4-1b42-4327-8561-42187200c367,death,death;double death;triple death,path2.png
f99fb6f1-afa3-403a-8f2f-749619ad7861,death,death;double death;triple death,path1.jpeg
8bdb9520-bb20-4e3b-8b2a-28cbcf6384cd,death,death;double death;triple death,path1.jpeg
4814b451-ec15-4f83-8c6b-b9160bfb6dbe,death,death;double death;triple death,path1.jpeg
69ca3ec0-d580-4624-9e4e-83479190d133,death,death;double death;triple death,path2.png
461ee599-5f12-47ab-b635-832a1252c082,death,death;double death;triple death,path2.png
6d0e731d-59a5-46be-89c8-0d7a945bfd09,death,death;double death;triple death,path1.jpeg
2f2e7f6b-9697-4e49-a826-c8fd683b4b75,death,death;double death;triple death,path1.jpeg
aa47a765-fb02-4b0c-b4d4-70c97465de97,death,death;double death;triple death,path2.png
63f371f1-bb92-42f0-a3ca-c5482cd38ac9,death,death;double death;triple death,path2.png
21865cf8-2332-4b8f-9e04-f3c7af7b7698,death,death;double death;triple death,path1.jpeg
60baa139-230c-43ec-ad6b-4710adc0d8db,death,death;double death;triple death,path2.png
34b8e220-58ec-42b0-be13-b43d4fd49de5,death,death;double death;triple death,path2.png
b3802280-57ee-49ed-89fc-76d2130349bb,death,death;double death;triple death,path1.jpeg
e03f4e3d-e57f-4110-8149-9213289421fb,death,death;double death;triple death,path2.png
5ad4b4dc-3918-477a-b77d-86d8063cd63c,death,death;double death;triple death,path1.jpeg
3ca826a5-7ffe-4fb3-b21b-1d895190c716,death,death;double death;triple death,path2.png
8479c0d4-7b92-4fc0-9289-808fb33fb4db,death,death;double death;triple death,path2.png
4bab5663-82f2-47ab-9d3e-68f352c48c61,death,death;double death;triple death,path2.png
c0726c14-d9f1-46d2-bbae-8ed46157bf62,death,death;double death;triple death,path2.png
7178cb71-4f58-4e2f-8ef6-ace2711e3271,death,death;double death;triple death,path2.png
55e6a964-e37b-49e0-9bee-eed3d10f2931,death,death;double death;triple death,path1.jpeg
baceb77c-4a57-4ca0-ad3f-225a8a8f2c4b,death,death;double death;triple death,path1.jpeg
995db7fa-1f79-4f4e-8025-570e3c9a74a6,death,death;double death;triple death,path2.png
1aeaf3da-1b97-48e4-a69a-d2179e55d89e,death,death;double death;triple death,path1.jpeg
98b25b0d-8d76-4c56-817f-a4caef12da46,death,death;double death;triple death,path2.png
cf32b56c-d875-4b48-b4cc-efa48501d47b,death,death;double death;triple death,path2.png
808cdefe-ac54-4b8b-8c2e-71aada104ffb,death,death;double death;triple death,path2.png
d5070586-23b5-4352-9dee-3fa90717a2e3,death,death;double death;triple death,path2.png
c633a11f-abb6-44e3-a1c9-310dea39b54e,death,death;double death;triple death,path1.jpeg
eceeb10c-0105-4c28-97b5-95ad277c54b2,death,death;double death;triple death,path2.png
2f7df0a8-e8e4-41ae-8814-e5c540435d2a,death,death;double death;triple death,path2.png
6532e75b-d39f-4316-9811-85000861f8e7,death,death;double death;triple death,path1.jpeg
ad19931c-b27e-446f-bbdf-aaa612001b11,death,death;double death;triple death,path1.jpeg
7200b96b-766b-4a65-bd01-69a64c629119,death,death;double death;triple death,path2.png
4e8f400b-ea41-4f4e-bfb4-ba8c81e83d06,death,death;double death;triple death,path1.jpeg
2cd85891-2763-48ca-aea5-6e00a7f75f77,death,death;double death;triple death,path2.png
364e1834-20b4-4a9b-9d1f-a0b4efc5f9fa,death,death;double death;triple death,path1.jpeg
db5c7526-6b26-4db8-8843-6fee70e45434,death,death;double death;triple death,path2.png
92e32a44-49d6-4695-b94f-fbe4f64d79d9,death,death;double death;triple death,path2.png
707c556a-b2d9-44f4-a70d-9b6c6ccb1a4a,death,death;double death;triple death,path1.jpeg
4c78d033-1a89-47db-9eb9-9ab1b7cac833,death,death;double death;triple death,path1.jpeg
d8604ceb-e9f0-478a-b8ee-43439d4d590c,death,death;double death;triple death,path2.png
928aeb77-6b98-4953-845d-b842c480fb8a,death,death;double death;triple death,path2.png
0558b2f4-119d-4d55-b6df-2d690f8149d4,death,death;double death;triple death,path2.png
9ac26f1c-58ab-4d8e-a20b-a7dc29227f21,death,death;double death;triple death,path1.jpeg
1be9e800-f4a4-452b-b17e-bd8d577ff9b2,death,death;double death;triple death,path1.jpeg
58701241-a0bf-43ea-af31-e6bb21662c62,death,death;double death;triple death,path1.jpeg
0889b98d-4ea5-4106-bcd4-c801afa90340,death,death;double death;triple death,path2.png
5e17773e-1f3d-4e27-a011-184c28059afd,death,death;double death;triple death,path1.jpeg
889ec0d2-4366-4b70-aaf1-1255ac355c4f,death,death;double death;triple death,path2.png
28e0ac97-5394-4aed-b677-4ca7a1383916,death,death;double death;triple death,path2.png
1b474394-6b99-47c1-a866-40a2921a332e,death,death;double death;triple death,path1.jpeg
642e93c6-1ed3-414d-8f53-b07659477477,death,death;double death;triple death,path2.png
0fd8552c-e2a9-47c3-a322-480236e9de9b,death,death;double death;triple death,path2.png
c9e3af36-c213-4f89-bff9-070d6eaf2b18,death,death;double death;triple death,path1.jpeg
8fe2a19a-816e-469e-baf1-dae0bc46a68e,death,death;double death;triple death,path1.jpeg
569cdf2e-436f-4ef0-b4c6-73bb6cbd6847,death,death;double death;triple death,path1.jpeg
0fe21ad1-378f-4b3e-83a1-618d4dc9d130,death,death;double death;triple death,path2.png
e968d4ef-17f4-46ee-95f9-75e9e7c6b85e,death,death;double death;triple death,path1.jpeg
e2f62f25-cfdd-4f8e-95df-2517f3b7988d,death,death;double death;triple death,path1.jpeg
5ac4acaa-256b-4b69-807c-e69db1744c6b,death,death;double death;triple death,path1.jpeg
0148e2a9-2d91-41eb-ab89-c664c7dcf562,death,death;double death;triple death,path1.jpeg
87497588-33e5-453c-8990-3f38288b4aac,death,death;double death;triple death,path1.jpeg
cba4ec23-0e76-4ca9-8d32-38c75105989f,death,death;double death;triple death,path2.png
c557a566-f77f-4c2b-a358-9bffdc4acf6b,death,death;double death;triple death,path1.jpeg
9d10b6f5-6d2e-4409-94b7-374d1c9f3659,death,death;double death;triple death,path2.png
2cf95727-637d-4b81-a9b4-efa15ecb7c44,death,death;double death;triple death,path1.jpeg
79d31a07-30d5-4236-936f-8bbb2be66157,death,death;double death;triple death,path1.jpeg
ca8b65c2-ffb7-44dd-a16b-9bf2fafb9835,death,death;double death;triple death,path2.png
b7d5698a-c737-499f-ad97-9a3d83aa3c25,death,death;double death;triple death,path2.png
eb3607a0-a441-4f24-8ebb-66c7a98684cf,death,death;double death;triple death,path1.jpeg
4b2fcb38-d762-4f11-aa2c-5f7a00a2df80,death,death;double death;triple death,path1.jpeg
affdf27f-e956-4965-8210-8d29098dca0f,death,death;double death;triple death,path1.jpeg
92ec8e0a-7348-4aee-9fe5-60420cbf34c1,death,death;double death;triple death,path2.png
fbbf2e54-ebeb-4323-b698-1e689734286e,death,death;double death;triple death,path1.jpeg
d8c71211-2c97-4050-9792-0a5c42d16c9b,death,death;double death;triple death,path1.jpeg
7f2aa6ad-e21a-4d8b-881c-1e644dbfca95,death,death;double death;triple death,path2.png
71f2298d-9d05-422f-a537-ecc5a625f00a,death,death;double death;triple death,path2.png
874a7127-9dbc-4543-b199-ac5b3579c601,death,death;double death;triple death,path2.png
ce77d951-805c-4ce9-ba2e-dc2369aae8fc,death,death;double death;triple death,path1.jpeg
61fcd1f0-c558-40d7-8030-03ec0773bcae,death,death;double death;triple death,path2.png
72460be9-081b-47c1-812a-db27c0a1dbe7,death,death;double death;triple death,path2.png
f519d602-a472-45b5-b1d9-dbf02fc4264d,death,death;double death;triple death,path2.png
75c2756c-36e0-43c0-a25e-e4a7ff498bb4,death,death;double death;triple death,path2.png
6af18a9e-a702-4941-a934-b50caeb498c6,death,death;double death;triple death,path1.jpeg
f039fca8-8e69-4748-ba57-8f495f952b50,death,death;double death;triple death,path1.jpeg
7793fbd9-0b76-4255-a168-0c85843e05e6,death,death;double death;triple death,path1.jpeg
f4181787-5ba1-493c-ab2a-821ea7518d8c,death,death;double death;triple death,path2.png
b619ffab-345b-4225-8677-33c61d721e02,death,death;double death;triple death,path1.jpeg
7acbe4a0-ead7-4cf6-acd0-4df57dbd514f,death,death;double death;triple death,path2.png
c25aeb8f-9070-4b93-a67f-a5da4167e58f,death,death;double death;triple death,path1.jpeg
2d696762-aafb-4ac2-b911-352e19c81cc5,death,death;double death;triple death,path1.jpeg
31688f65-8304-496d-8603-c3cf8759d059,death,death;double death;triple death,path1.jpeg
675a2e7b-fdd0-4ba9-8b6f-aa7ab7512c8e,death,death;double death;triple death,path2.png
e30c82d4-cb98-4604-8179-34c5ee022147,death,death;double death;triple death,path2.png
dc18ef90-c794-4ae1-999f-b213695b41de,death,death;double death;triple death,path1.jpeg
1a734952-2735-40b8-adce-eb6db8ec6146,death,death;double death;triple death,path2.png
280c7fca-518f-4549-bbff-0b00a015684c,death,death;double death;triple death,path1.jpeg
717749aa-fe6e-4257-8c51-16a8af150438,death,death;double death;triple death,path2.png
0ec11c39-a8cd-449d-9d37-8c2c75d9f592,death,death;double death;triple death,path1.jpeg
80b2f028-a100-41ee-8d26-a63b6112c45b,death,death;double death;triple death,path1.jpeg
0b072915-56cc-4b99-b960-400145209a68,death,death;double death;triple death,path1.jpeg
88740c8b-6d23-4617-8d67-572fad851ad7,death,death;double death;triple death,path1.jpeg
2897e37e-e9b8-493e-8498-bfdb37349aa6,death,death;double death;triple death,path1.jpeg
222aa797-e67d-4da7-9f68-aa9e33801ac5,death,death;double death;triple death,path1.jpeg
4daaf6d2-726f-45ed-bf35-bf9d95d529a6,death,death;double death;triple death,path1.jpeg
55b9bbaf-0e46-4d61-aeb8-f44b7260f77a,death,death;double death;triple death,path2.png
0512e42e-b803-4540-ab80-ec66a42cf073,death,death;double death;triple death,path2.png
cd3bd04e-aa16-4413-8920-846ed2cd4d69,death,death;double death;triple death,path1.jpeg
7045a74b-4358-4229-8617-faeb4d869bc1,death,death;double death;triple death,path2.png
a5f6ccc9-6411-4467-90be-3ee5fc6d69c1,death,death;double death;triple death,path2.png
1a03e609-1e3b-4f2d-904d-a69e39932a6a,death,death;double death;triple death,path1.jpeg
d806505d-a48c-44e8-9fe3-b9a834994adc,death,death;double death;triple death,path2.png
5f58395f-b370-40e3-bdeb-ff13a5dca7f0,death,death;double death;triple death,path1.jpeg
fc3d1858-c135-4b6d-b7f8-fd6fa1b002ff,death,death;double death;triple death,path1.jpeg
0c773070-c5ab-4309-802b-79b62d428019,death,death;double death;triple death,path1.jpeg
f6dabde4-408c-4c9a-bed6-cf05cf631a5f,death,death;double death;triple death,path2.png
8a9b423b-3834-4e8c-a1d2-44abfa589e16,death,death;double death;triple death,path1.jpeg
c8eb7629-3f7b-40d8-82b9-add06871c5bd,death,death;double death;triple death,path2.png
2962121b-0cdf-46a0-8c93-2977d2538155,death,death;double death;triple death,path2.png
4775447d-492b-445d-9783-ed9f095b1e99,death,death;double death;triple death,path1.jpeg
3e51a211-ebc8-4a40-99bf-ed9d5a620ac7,death,death;double death;triple death,path2.png
9aeb321c-2f15-47ff-aa9d-dd0fe2cdeb65,death,death;double death;triple death,path1.jpeg
1884a3f3-d456-4bb9-a923-911d639b12d4,death,death;double death;triple death,path1.jpeg
d90f5dff-b495-4ed7-9170-7328dd12e525,death,death;double death;triple death,path1.jpeg
c3dcf65a-f6eb-4667-a1cc-6de3e0e42587,death,death;double death;triple death,path2.png
9be79684-b09f-4355-8f5d-6c4e032a3ce6,death,death;double death;triple death,path1.jpeg
301d3ebe-bd27-431a-8c74-30cce16ca67e,death,death;double death;triple death,path1.jpeg
ec599f9c-900a-43a6-8698-c716e5409042,death,death;double death;triple death,path2.png
d80afb38-f46d-4ce3-8224-4773caa54e4b,death,death;double death;triple death,path1.jpeg
094b300b-5ff6-4e53-a686-ddc5318bc016,death,death;double death;triple death,path2.png
434d062c-d6cf-43c8-b660-baeb8a38d42e,death,death;double death;triple death,path1.jpeg
831974bd-1172-4f69-87ed-97b7dce10cdb,death,death;double death;triple death,path1.jpeg
c18c4cea-b94a-4e7e-a2f9-bd7ba11ada0e,death,death;double death;triple death,path2.png
de8e3313-c065-411a-9106-e42e15865b40,death,death;double death;triple death,path1.jpeg
de630429-ad33-45db-9391-0a708fb64ac2,death,death;double death;triple death,path1.jpeg
baefb71b-c8c0-4c92-8ad3-848844afca4a,death,death;double death;triple death,path2.png
0515244b-afc6-4ade-be56-fd892dafd4ed,death,death;double death;triple death,path1.jpeg
4b575bf5-32fd-41e7-a31d-a6dacf8892ea,death,death;double death;triple death,path2.png
834134f1-c5c2-4708-9f7d-7c28368c86d1,death,death;double death;triple death,path2.png
54514fbe-ba74-4aed-b064-d52531d29df7,death,death;double death;triple death,path1.jpeg
b6fb49b5-db2c-40c0-b6a1-929f8bce76e4,death,death;double death;triple death,path1.jpeg
576d4f31-bab8-4a1e-b82d-8b06a47e41a6,death,death;double death;triple death,path2.png
68e40ceb-02fd-4659-9853-99cfe405dabd,death,death;double death;triple death,path2.png
3f9d6b38-7f89-47fa-9794-6e60510b0ce1,death,death;double death;triple death,path2.png
53540926-85e9-425a-b3e3-17c7e5bac56b,death,death;double death;triple death,path2.png
bcadaf78-9253-4ad2-8f9f-78d2860ac894,death,death;double death;triple death,path2.png
4559fb5a-823f-4b16-940c-ace684cf41e5,death,death;double death;triple death,path2.png
869f0804-1de1-4809-9881-6d18f99c31fc,death,death;double death;triple death,path2.png
dbec4d4c-be26-4540-ba14-17a07b0d0bff,death,death;double death;triple death,path1.jpeg
75936487-91e5-4a93-8b2a-8e5f8b7d69b3,death,death;double death;triple death,path1.jpeg
5d55be7f-9ae9-4029-8838-8891bee6658e,death,death;double death;triple death,path1.jpeg
14aab4fe-939a-49cc-b1b6-545a308f78aa,death,death;double death;triple death,path2.png
fd96e464-0735-4bb6-b38a-e146533c6594,death,death;double death;triple death,path1.jpeg
0a9201f1-fc10-491d-a05b-b45ef921c13e,death,death;double death;triple death,path1.jpeg
8a0c146c-793f-4b5c-bca2-a5da9129e808,death,death;double death;triple death,path2.png
1252de20-f479-4aa5-a55a-80b4f333d847,death,death;double death;triple death,path1.jpeg
4e282970-0405-4b6a-b088-b5753944ae6f,death,death;double death;triple death,path2.png
80981d76-f881-4018-9368-551c52695f05,death,death;double death;triple death,path2.png
3de68912-bf5a-4b19-9385-5b59bcead3a4,death,death;double death;triple death,path2.png
29b31798-605e-4c15-b36f-07c620d5c38e,death,death;double death;triple death,path1.jpeg
bdce4090-26e8-46b9-9c29-eb753ad5d35c,death,death;double death;triple death,path1.jpeg
d884f1d7-3891-4402-b8a6-33c273f5d3dc,death,death;double death;triple death,path2.png
a1a06efb-b65f-411a-adbd-9b8687d9892f,death,death;double death;triple death,path1.jpeg
b5042083-74b7-4f85-ad1d-3e63276f0f5a,death,death;double death;triple death,path1.jpeg
7bff0eab-a34b-4f4c-83c6-0836603159a7,death,death;double death;triple death,path2.png
bbac9aac-3fd7-4c53-8aa7-0d4e1db87a07,death,death;double death;triple death,path1.jpeg
285f0104-840e-47ab-a0d2-7e8b2c20a342,death,death;double death;triple death,path2.png
e8fecfae-814c-4564-baf6-ab3003b48e05,death,death;double death;triple death,path2.png
4ed233f8-6758-468c-b400-25a3d421a254,death,death;double death;triple death,path1.jpeg
176bb539-3979-4eb9-b22e-8ba8b6728c5f,death,death;double death;triple death,path2.png
2e1f20b3-7fe0-4862-853e-2091d338afdb,death,death;double death;triple death,path2.png
7db05d6e-cc16-4543-bcbe-ef7c8558d69e,death,death;double death;triple death,path1.jpeg
487a8c77-99b4-4101-95ff-c6297586ecd8,death,death;double death;triple death,path2.png
d998cc00-c9b1-43fa-9f46-2343bb78f638,death,death;double death;triple death,path1.jpeg
d20033ce-49c6-4022-9e99-1287ff7b5f21,death,death;double death;triple death,path2.png
53f4ef40-2d78-4d07-9d12-46f4501fa9ae,death,death;double death;triple death,path2.png
089754f0-d7e2-46c2-9774-1fd9d9bdd0d2,death,death;double death;triple death,path1.jpeg
84719819-0d1b-40df-bcf2-ab8d1c7d88d3,death,death;double death;triple death,path2.png
ddb9303d-5c8a-4a74-9021-51de929022a0,death,death;double death;triple death,path2.png
97735982-10d2-4eed-895c-2efa5acbac1e,death,death;double death;triple death,path1.jpeg
cc59f09b-aebd-4fb2-aec7-c8bfebf9f7ff,death,death;double death;triple death,path1.jpeg
de00fad6-5bc3-4d1d-afb9-605dfc7f1f14,death,death;double death;triple death,path1.jpeg
ec1a2493-be06-44e1-a29d-c660629e8490,death,death;double death;triple death,path2.png
bc66b221-feae-4ec5-8323-e536311212da,death,death;double death;triple death,path1.jpeg
fae8d838-2ac3-4cf7-985a-ed5d342d144f,death,death;double death;triple death,path2.png
a87f0cd1-7220-4b88-915e-1ee439c7b3e3,death,death;double death;triple death,path2.png
8ca1e6a2-ab91-4a92-b536-880fff4297be,death,death;double death;triple death,path2.png
ad7ecd35-ee3c-46a1-ab14-f52c7d924f69,death,death;double death;triple death,path1.jpeg
c4c7e6b5-409e-4614-bebd-1f6d950d1139,death,death;double death;triple death,path2.png
0619e87f-78e5-4713-8c61-b61b2f767801,death,death;double death;triple death,path2.png
17cd0f41-91a8-4458-a3ea-bbc52637d97b,death,death;double death;triple death,path2.png
744bfbb8-05ab-4377-906a-7e8b166234ce,death,death;double death;triple death,path1.jpeg
862f97df-72da-45ad-bd78-b5b20a44441e,death,death;double death;triple death,path2.png
25c61623-ab69-4d25-b9b9-0c5def14a748,death,death;double death;triple death,path2.png
e8f9fe2f-b27c-4386-8e6e-849498f1ab72,death,death;double death;triple death,path2.png
41ddddb1-7c5b-4b01-ad70-ef45f3d77b4d,death,death;double death;triple death,path2.png
0e015bdd-baf8-400d-a86d-0c2dfc9e9a1a,death,death;double death;triple death,path1.jpeg
b8592926-70bf-4f72-b4dd-71ef61a97154,death,death;double death;triple death,path1.jpeg
7b388c9a-14f6-49b0-b56e-f5c0eb11115a,death,death;double death;triple death,path2.png
5085a518-2988-4eb9-9912-a4b9107fe42b,death,death;double death;triple death,path2.png
a5272f1a-048e-4974-885c-b567a1e7f3d4,death,death;double death;triple death,path2.png
fdfc6bf9-17bd-4e87-85e6-36eb5dde81c0,death,death;double death;triple death,path2.png
af158027-89d2-4a96-85bf-8c4f7b089b37,death,death;double death;triple death,path2.png
5e1eca28-35e5-4335-a201-2c8705bf497e,death,death;double death;triple death,path1.jpeg
6cbe0738-53a2-4d91-aead-0d1ff187ef74,death,death;double death;triple death,path2.png
a3c37571-b974-4c50-8750-67126da1bba2,death,death;double death;triple death,path2.png
340cda0d-6a28-4ecc-b7c4-355bcb4d8b68,death,death;double death;triple death,path1.jpeg
3fb1020c-45c5-4f58-a1b5-f8d522f0cab5,death,death;double death;triple death,path2.png
7143d04d-92f6-45e7-b574-3c2abc104e12,death,death;double death;triple death,path1.jpeg
53804f73-e9ad-4555-98e7-1edce8acc973,death,death;double death;triple death,path1.jpeg
d7117f7e-1913-446f-9b17-72a970118b4c,death,death;double death;triple death,path2.png
cf5916c4-e535-45b8-aea3-4ac9ee2fbde6,death,death;double death;triple death,path2.png
ff6730f8-5af7-4927-9281-d998354cb242,death,death;double death;triple death,path2.png
955b8a35-55ab-4369-92be-4c29decad09f,death,death;double death;triple death,path1.jpeg
09da2103-571e-4520-a45f-bb56140263fb,death,death;double death;triple death,path1.jpeg
73be05ae-c08a-437d-9350-1dbf45fc7e7a,death,death;double death;triple death,path1.jpeg
9ee13954-d8e1-4f2d-bfc1-cca756e48180,death,death;double death;triple death,path2.png
ee7e96d7-58b1-46da-a0d0-847f2046d9e9,death,death;double death;triple death,path1.jpeg
93d07934-6ca4-4e8a-820d-48e293779308,death,death;double death;triple death,path1.jpeg
0ea51744-c490-4851-8554-a728013bb419,death,death;double death;triple death,path1.jpeg
d69a80c4-ad8e-4dd5-a4e6-0c5e8d62e905,death,death;double death;triple death,path2.png
6c12689f-b5ad-4f41-bd72-5914da41c51e,death,death;double death;triple death,path2.png
c442b232-9ca1-4ba0-98c1-1645dcc93c56,death,death;double death;triple death,path2.png
2a223f20-47df-4dae-8a68-90b4d617cebb,death,death;double death;triple death,path2.png
0c561b0a-8f53-4c4d-ad16-e6dd4bb53e29,death,death;double death;triple death,path1.jpeg
e491024c-6a57-42ec-b384-ea07368be89a,death,death;double death;triple death,path1.jpeg
c2c56413-739f-448b-a1e9-fb2b4b5d3f9a,death,death;double death;triple death,path2.png
bc9d260a-1a9d-419e-8b18-75702e6c6dcf,death,death;double death;triple death,path1.jpeg
ee318773-8b42-4abd-9479-0c688871cd53,death,death;double death;triple death,path1.jpeg
144f2491-a884-43d0-b1a3-8f5f167030c4,death,death;double death;triple death,path1.jpeg
b09b3989-5457-4ca9-99cf-3fcdb88efcdf,death,death;double death;triple death,path1.jpeg
3cf8ed46-843f-4280-867f-2a074b4d7a1d,death,death;double death;triple death,path2.png
98177641-03bb-4cc4-9472-9edb4f453eb4,death,death;double death;triple death,path1.jpeg
9f1aa6ec-54a5-48fd-9d5d-8c00b0bca841,death,death;double death;triple death,path2.png
699aa93b-1785-479f-b3d9-58cccc841ff1,death,death;double death;triple death,path2.png
bf1da755-d4a6-4159-8499-961234c88f3e,death,death;double death;triple death,path2.png
7320a489-a0ae-4b27-bd4e-5fa6fb1d88df,death,death;double death;triple death,path1.jpeg
63f107b6-e9f5-4889-8e11-ca99e64b37a9,death,death;double death;triple death,path2.png
70579072-0424-46fe-a2d7-6455f124c61e,death,death;double death;triple death,path1.jpeg
a4bb6736-1495-4a8f-80f8-14df231bdcc8,death,death;double death;triple death,path1.jpeg
9c391823-f971-47d1-99a3-8855f050710d,death,death;double death;triple death,path1.jpeg
1e0cfd9e-2c6b-4b6a-aa35-443a11b29613,death,death;double death;triple death,path1.jpeg
0b98c7b3-02de-4582-84a8-6ec882267137,death,death;double death;triple death,path1.jpeg
3b1b149f-4285-41aa-9ec3-7f52db76c52a,death,death;double death;triple death,path2.png
70951d1f-2a51-43c2-b8a3-78cb1996dcfd,death,death;double death;triple death,path2.png
7d57e2f7-e1e2-4304-a35b-16d147a3b31b,death,death;double death;triple death,path2.png
b7595b95-f152-4eb3-8e1d-8baad03884d0,death,death;double death;triple death,path1.jpeg
3e1b2914-0fb1-42ae-b88a-fe52f7caccdf,death,death;double death;triple death,path2.png
bfc308a6-c747-4688-a3cd-5ae87ceef079,death,death;double death;triple death,path1.jpeg
d4b96a5d-3bfd-4bce-b71f-77d140251416,death,death;double death;triple death,path1.jpeg
803e06b3-15f4-4bcb-ab3a-bffc503746e5,death,death;double death;triple death,path1.jpeg
64c3085e-cb8e-44eb-8133-7ccee272e607,death,death;double death;triple death,path2.png
1772e73a-7a6d-4fef-b05d-37b0e6b7e503,death,death;double death;triple death,path1.jpeg
d7f86206-6a10-40ee-9315-24e703f33e39,death,death;double death;triple death,path1.jpeg
737639ca-0f07-4048-936b-9c947feebbda,death,death;double death;triple death,path2.png
7c81f596-c7fc-4899-b2d9-d1554732e304,death,death;double death;triple death,path2.png
767bddf3-d26e-4b7b-97e7-67c1233ff20a,death,death;double death;triple death,path1.jpeg
b065303a-2925-4053-b040-080c12764aed,death,death;double death;triple death,path2.png
799fcd6f-a21d-4006-8c36-b8f954a72e3a,death,death;double death;triple death,path2.png
43fb88a3-c9b0-41ec-a8d1-21f430d1b14c,death,death;double death;triple death,path1.jpeg
5ac52839-3201-482c-92f5-534c3e509b3e,death,death;double death;triple death,path1.jpeg
f031155d-823f-45cd-85ff-b485156fe5a7,death,death;double death;triple death,path2.png
5a65e7ec-9dc8-495d-abbb-f7a1dbf12b99,death,death;double death;triple death,path1.jpeg
201fb819-5bc8-4f88-9a59-5f737f5e5525,death,death;double death;triple death,path2.png
d122500b-3616-4708-8752-5109e8a4530c,death,death;double death;triple death,path1.jpeg
b0fdb94c-88f6-4481-8a68-d9abe911ec06,death,death;double death;triple death,path1.jpeg
06291ac1-99b3-47f5-a16e-6ecc3c260a71,death,death;double death;triple death,path2.png
958a84ac-6835-466f-9941-51033d0e2f7e,death,death;double death;triple death,path1.jpeg
abc2e3ef-fe59-4d7d-8b2d-46e409835b2d,death,death;double death;triple death,path2.png
36971911-f5b6-4962-ab19-d3c5a3607fa2,death,death;double death;triple death,path2.png
2326454f-9999-474d-864e-d3fb71188a57,death,death;double death;triple death,path1.jpeg
35e6a2cb-880d-4df1-b788-985f64e4ed95,death,death;double death;triple death,path1.jpeg
91bfa48b-537f-4b77-9fd1-66f4b957ab53,death,death;double death;triple death,path2.png
5466de9c-7bc1-4567-8a0f-7c5b4d5605df,death,death;double death;triple death,path1.jpeg
a68183ba-e769-494b-80d3-7424bcb7e259,death,death;double death;triple death,path2.png
7ca2f7d6-9a83-4c43-8022-fdf87b53a1f5,death,death;double death;triple death,path1.jpeg
f2b6cad0-a8cc-4325-b439-beb88a36f18a,death,death;double death;triple death,path1.jpeg
345666d8-ebd2-4c18-9d85-e6e704614e86,death,death;double death;triple death,path2.png
1de9378d-2f1e-43c1-8672-9a1a88474706,death,death;double death;triple death,path2.png
599a1829-f371-4749-ac45-a03ec1c1208b,death,death;double death;triple death,path1.jpeg
bc328efd-73d6-48e8-aade-1205c55acb69,death,death;double death;triple death,path2.png
60da4aac-164d-4d8a-b0a8-72645f0b715d,death,death;double death;triple death,path2.png
cf5c1a42-081b-4ef5-9e74-1f0d8d0ee4c2,death,death;double death;triple death,path2.png
edf17af7-fdc2-4535-8109-cebde1f762ae,death,death;double death;triple death,path2.png
329181b4-0dbb-4b42-89a8-475169880ae7,death,death;double death;triple death,path2.png
2d904bc4-4904-4394-969c-70c49def64e1,death,death;double death;triple death,path2.png
2d992902-35ab-4a1f-a11a-38eba50ee5aa,death,death;double death;triple death,path1.jpeg
e996f605-751f-43d1-9721-7c7700dc26ae,death,death;double death;triple death,path1.jpeg
c1413640-da92-4b59-932f-ca812c333767,death,death;double death;triple death,path2.png
9d4d3a6a-f97f-4f24-98cb-faf503ebe9ae,death,death;double death;triple death,path2.png
49c8ab5b-e5bb-48d2-a813-91a8378d8f27,death,death;double death;triple death,path2.png
9c8667e0-3815-46c2-9d0d-9724f070e841,death,death;double death;triple death,path1.jpeg
20d36f64-b854-4340-bda8-967ae2cdde76,death,death;double death;triple death,path2.png
c61916d9-e7d9-472b-a3fe-3f922de14f85,death,death;double death;triple death,path1.jpeg
690fb3fd-afdf-45f9-9981-5bdfda8ac9d3,death,death;double death;triple death,path2.png
0fbd90f7-f77f-4ca6-9b7f-c66a21d381ce,death,death;double death;triple death,path1.jpeg
5d2f669f-53e8-47e1-8ee2-0a79eb173048,death,death;double death;triple death,path2.png
638de29b-47c8-414d-9c6f-fe2cffb26c09,death,death;double death;triple death,path2.png
9398dc91-e8ae-42c5-9d2e-af4710bbf569,death,death;double death;triple death,path1.jpeg
2c2b79f0-93fd-4f6c-8037-7646d0e8e197,death,death;double death;triple death,path2.png
93698b8e-46fb-43e4-8a4b-17e48915cb3b,death,death;double death;triple death,path1.jpeg
a6a1f378-5082-41e0-abc4-e56716592450,death,death;double death;triple death,path1.jpeg
49879811-ac98-4c21-868b-9b8089877097,death,death;double death;triple death,path1.jpeg
653242f8-2f31-432d-8c75-ea3e76ee1057,death,death;double death;triple death,path2.png
9f9e96fb-86f6-4366-aaef-64485d938e45,death,death;double death;triple death,path2.png
a1a0819a-6ca1-456b-97a8-d25360047ffc,death,death;double death;triple death,path1.jpeg
f7b7c306-0fed-4946-8b75-c143880981eb,death,death;double death;triple death,path1.jpeg
8dbac6c1-3f02-4a23-bf18-4f374aacdf15,death,death;double death;triple death,path2.png
fbf46936-f424-4e76-baa9-04b7181a6401,death,death;double death;triple death,path1.jpeg
b75fd26c-abcc-42d4-be11-b4025594742d,death,death;double death;triple death,path1.jpeg
68e99b65-f6bb-4851-b5f7-a4ea5b65e14e,death,death;double death;triple death,path1.jpeg
6b9dfe57-4b8e-48fb-a15f-612a59d8c585,death,death;double death;triple death,path2.png
f7f8ff30-44aa-4991-8e5a-0323ed45e38e,death,death;double death;triple death,path2.png
8978b447-17d1-4b85-a050-76baec4432ad,death,death;double death;triple death,path2.png
3602a2a2-d83f-4fff-bdc4-14c5e4f43572,death,death;double death;triple death,path1.jpeg
5ba98686-dfb4-456e-a49c-39ad9490cf67,death,death;double death;triple death,path1.jpeg
b9ffccef-dc75-41b3-80ae-b3f6d508014b,death,death;double death;triple death,path2.png
d363f8fc-1e20-4f53-8d97-5d7feeb5278c,death,death;double death;triple death,path2.png
2d6b2a7a-a56f-447b-a4ca-88569fa10ced,death,death;double death;triple death,path1.jpeg
1e1597b5-5d99-4ea9-8fe6-39a5fbc17bac,death,death;double death;triple death,path1.jpeg
9a945f95-a975-431e-859c-aa18ad63132a,death,death;double death;triple death,path1.jpeg
4763782f-e366-40ee-a351-4a949ad56acc,death,death;double death;triple death,path1.jpeg
b3945a8c-b685-4cbb-844b-c777ee007691,death,death;double death;triple death,path2.png
f05dbcbd-ac22-4758-8e7a-1afcd5f3f907,death,death;double death;triple death,path1.jpeg
5360af4a-7909-40c3-9223-6d2b69b69f4a,death,death;double death;triple death,path1.jpeg
265c2713-086b-4073-b8ed-09b03b9d6b07,death,death;double death;triple death,path2.png
bd322cae-19b9-40e2-bce8-56ee713ae783,death,death;double death;triple death,path2.png
0ea6b471-d12c-4fcf-bded-199a5b31cfd7,death,death;double death;triple death,path2.png
644cdc3a-e15b-45f7-a8c8-9df62567d3aa,death,death;double death;triple death,path1.jpeg
f853b236-48a4-4e7e-9c6d-3129f69473a1,death,death;double death;triple death,path1.jpeg
b653d51e-f012-4e28-9c4e-caade4320157,death,death;double death;triple death,path1.jpeg
b5839958-7c76-4d85-859c-c0bb52bfe528,death,death;double death;triple death,path2.png
74cadf10-3881-4ee0-a522-668325be631c,death,death;double death;triple death,path2.png
649ea8d1-b13c-4d0c-b36a-afd7d809b1ec,death,death;double death;triple death,path1.jpeg
96ee6ec7-e043-4b60-be77-cac88ba6b79e,death,death;double death;triple death,path2.png
f221a2b8-2aa1-4ac7-a5f1-6ad226a91218,death,death;double death;triple death,path2.png
e951fbf8-6cd2-442a-aa4e-8d27e4dc43f5,death,death;double death;triple death,path1.jpeg
163dbb17-39c3-4673-8086-c0d8b26a5b31,death,death;double death;triple death,path1.jpeg
10f34305-f863-43fd-915d-4fba4f1976fd,death,death;double death;triple death,path1.jpeg
14e63183-b417-4750-9ec4-ca3cbcae12cb,death,death;double death;triple death,path2.png
cfc7c1ed-6533-45a1-b1e3-c1f2e486afd4,death,death;double death;triple death,path2.png
bdd19f09-e234-461b-b3a6-3f9875ace040,death,death;double death;triple death,path1.jpeg
e15b2220-2849-470e-a4fd-4b8de5c39307,death,death;double death;triple death,path1.jpeg
366f8e84-8fa1-4d06-bd53-fcf54460040b,death,death;double death;triple death,path1.jpeg
d5fb0ce6-df7b-4f20-9611-24a2d761e387,death,death;double death;triple death,path2.png
33612dc0-d654-4234-934a-7d8cfa24f713,death,death;double death;triple death,path1.jpeg
e4100af2-9d88-453a-873c-dbafccf4f91e,death,death;double death;triple death,path2.png
38af6649-3d7a-413d-8ead-971430f189bf,death,death;double death;triple death,path1.jpeg
dd87099c-fb22-41d1-b59a-a06c59623d09,death,death;double death;triple death,path2.png
c6c29929-677b-4d99-877e-6f08c42adc87,death,death;double death;triple death,path1.jpeg
6842f984-d9f1-4067-94f1-d2471d89a943,death,death;double death;triple death,path2.png
37711ebf-5c71-441c-a7df-c44d28b64299,death,death;double death;triple death,path1.jpeg
c965bbbc-09c1-4188-98eb-db6f0a307989,death,death;double death;triple death,path2.png
bcae0c76-1124-4264-b419-e6409adbb215,death,death;double death;triple death,path1.jpeg
f74ef2b8-2b63-4056-93d8-862683cf822a,death,death;double death;triple death,path2.png
0a0c5390-e747-4bc9-b0f8-059adf85d48c,death,death;double death;triple death,path2.png
b4d2f4aa-97a5-442b-a685-06c79cca1403,death,death;double death;triple death,path2.png
b1a20383-2eff-41fa-8910-48e915431a36,death,death;double death;triple death,path2.png
e1d68782-36e6-486e-8567-aad789edefb2,death,death;double death;triple death,path1.jpeg
20167a98-5f59-4096-9332-025a869bbe46,death,death;double death;triple death,path1.jpeg
8c2f5027-bf32-4f7c-ac3d-bf64fac3bdc8,death,death;double death;triple death,path1.jpeg
5750e144-cbb4-431b-91f8-d93fd48ab9e4,death,death;double death;triple death,path2.png
82a037c6-efb9-4105-882a-fa027decb359,death,death;double death;triple death,path2.png
167d87c5-82c8-413c-a09e-37b5f1e4c119,death,death;double death;triple death,path2.png
b0cc62b6-cd6b-430e-aebe-63b14b26f955,death,death;double death;triple death,path2.png
f3cd67da-f245-461c-98f4-8b7e88d186f6,death,death;double death;triple death,path1.jpeg
3962b7df-7283-4bff-85c1-f1970031ff4b,death,death;double death;triple death,path1.jpeg
34f367ab-b578-4070-ac08-b0e68e3c9f6a,death,death;double death;triple death,path2.png
07c66433-df1d-43b4-9046-462b7bd5043f,death,death;double death;triple death,path1.jpeg
5bb7201b-2e82-4145-bc6b-f8a55ed632a4,death,death;double death;triple death,path2.png
f87b669b-33c9-4bb2-b338-991e85288585,death,death;double death;triple death,path2.png
510b2464-80fc-4f76-a025-22f0c7c62c1a,death,death;double death;triple death,path2.png
310bc320-3095-4bf5-a342-0972cb95f510,death,death;double death;triple death,path2.png
4b15e840-12f6-4894-9d81-8d57fba6a020,death,death;double death;triple death,path1.jpeg
5f0ded11-9d02-46b2-8a00-e677f97bd88e,death,death;double death;triple death,path1.jpeg
57d9be8f-8623-4d7b-9662-de923422edae,death,death;double death;triple death,path1.jpeg
31c75c76-fa6f-4e6a-ac07-31aae1c9673f,death,death;double death;triple death,path1.jpeg
da407724-de8d-4bdc-870c-bcfaf6f24f8e,death,death;double death;triple death,path1.jpeg
b0648590-6ac9-4105-a16e-181d0f29bf12,death,death;double death;triple death,path2.png
d8c0fd8e-d140-4101-8110-671660787883,death,death;double death;triple death,path1.jpeg
86a4b404-9134-4131-ba01-b133adc00af2,death,death;double death;triple death,path2.png
eff05bd4-9286-4c07-a559-0e164407a758,death,death;double death;triple death,path2.png
0930799b-0be7-489c-a2b0-22470a1c6ab7,death,death;double death;triple death,path1.jpeg
8ab855e5-b4b9-4f7b-801e-ecada71d06f5,death,death;double death;triple death,path1.jpeg
6540227a-fff5-4845-b1d1-fa6f3c8ae568,death,death;double death;triple death,path1.jpeg
a65b643f-ae15-42df-ac81-e82a874732d1,death,death;double death;triple death,path1.jpeg
ead09b10-fbc6-4299-8ba8-9e6834dd4762,death,death;double death;triple death,path2.png
e158ca94-37eb-47f8-90e9-cb86123beebb,death,death;double death;triple death,path1.jpeg
d8c95fcf-143d-44fd-bcb9-855f17c4c022,death,death;double death;triple death,path2.png
cce7c35f-86db-4c4e-ba42-9f514e6da4b4,death,death;double death;triple death,path1.jpeg
02e7276e-37e2-4489-a1fb-c9df798280be,death,death;double death;triple death,path1.jpeg
6ac29612-63fa-4441-bb42-9ddf1ca3ce91,death,death;double death;triple death,path1.jpeg
26e1ca02-c485-48ca-b6b0-d0842301939c,death,death;double death;triple death,path2.png
91d35f21-42e9-4617-85d7-9d0d38d2a9eb,death,death;double death;triple death,path1.jpeg
132673e8-98b0-4119-a3b6-70559ad9de9c,death,death;double death;triple death,path2.png
649ada65-ccbe-4903-ae2f-568b7ce75a0b,death,death;double death;triple death,path1.jpeg
7771df0f-dde7-4174-a692-30128817110d,death,death;double death;triple death,path2.png
74e021f8-e087-4f88-979e-efbf5ee7c8e1,death,death;double death;triple death,path1.jpeg
bb4b2c89-dff7-4372-bbd7-3269986201b3,death,death;double death;triple death,path2.png
7a3dbaf5-e3dc-47de-903a-768e7e40a895,death,death;double death;triple death,path2.png
e966c0ea-ad93-4ec4-b179-f6ae0409de50,death,death;double death;triple death,path1.jpeg
4d9d46b0-4d99-4641-ae92-9fc0a421b7bd,death,death;double death;triple death,path1.jpeg
d1e04a24-c386-4e4b-933a-c5b95f5eecf0,death,death;double death;triple death,path1.jpeg
a1ea2779-a707-4faf-bedd-cb50010a4357,death,death;double death;triple death,path1.jpeg
8978f44f-409a-4a04-8eb5-6a5b40368163,death,death;double death;triple death,path1.jpeg
b02b8787-797b-413b-9fab-747dcf9d6534,death,death;double death;triple death,path1.jpeg
f1ae54f4-70a1-4afe-bbd0-67dd244e1869,death,death;double death;triple death,path1.jpeg
799e5b9d-913c-444d-ac49-98e7bd9fea6b,death,death;double death;triple death,path2.png
885e6e36-23e2-43cf-9dd2-5868ee54220e,death,death;double death;triple death,path2.png
78d647c4-43bb-4629-ac5b-3417370bc600,death,death;double death;triple death,path1.jpeg
d6c6cdc3-2e59-4bfc-8be8-547f9f296aa6,death,death;double death;triple death,path1.jpeg
1561f7c1-9eb0-4848-8e07-55e2f2ab64cc,death,death;double death;triple death,path1.jpeg
59c72339-72f8-4e5b-8e5e-d56af2b81c6b,death,death;double death;triple death,path1.jpeg
9b07cb14-691b-4ada-8254-eb77daaed5d4,death,death;double death;triple death,path1.jpeg
e8756dec-b7b8-4929-97c7-1745b11099a0,death,death;double death;triple death,path2.png
5d2596a2-d645-4fa9-8e8c-73af7eef2bdc,death,death;double death;triple death,path2.png
c86de79e-34d5-4d5a-85bd-39520d949c29,death,death;double death;triple death,path1.jpeg
17d86b69-caf2-47ff-925c-b7a5de63f992,death,death;double death;triple death,path1.jpeg
28a06900-0e08-4f1a-97bf-aba49349e354,death,death;double death;triple death,path1.jpeg
f7405961-beb9-4856-8d6a-0340ac85f832,death,death;double death;triple death,path2.png
2309b5ad-2a16-4480-aa78-07101c5c5ac2,death,death;double death;triple death,path2.png
770c7297-eb15-4dac-9ac1-3be63fc16f24,death,death;double death;triple death,path2.png
85b4988d-9f86-4ea8-bab1-124a9bbf583c,death,death;double death;triple death,path1.jpeg
3648f86c-a3c2-4624-9ddb-65243fbe2ee1,death,death;double death;triple death,path1.jpeg
98c5ba57-7422-4401-ad72-de2b45a93625,death,death;double death;triple death,path2.png
674b6670-ac04-41bd-abbb-d5794f374868,death,death;double death;triple death,path2.png
ceabdd10-133e-460a-a45e-38118a15c4b4,death,death;double death;triple death,path2.png
2f7afed2-8ada-4d74-a078-b6e653b3e819,death,death;double death;triple death,path2.png
1c7e54eb-97a2-447c-bec9-e1fc4316ab7c,death,death;double death;triple death,path1.jpeg
2b55a988-00e4-4f19-91ae-e637e2a07385,death,death;double death;triple death,path1.jpeg
76b3e1d1-ae43-4d68-bfd4-7a0e0bec6239,death,death;double death;triple death,path1.jpeg
f55dc1e6-1eda-4e2d-88cd-dae5024a8c0a,death,death;double death;triple death,path1.jpeg
6dfb41c0-505c-4802-820c-a68ccd82a059,death,death;double death;triple death,path1.jpeg
d99ce012-6ce3-46c9-8bf3-bf8ca62fe33a,death,death;double death;triple death,path2.png
94ef2100-5114-4407-b96f-77f398f2db14,death,death;double death;triple death,path2.png
26f7a74a-9196-4895-a63f-40c39bd3f570,death,death;double death;triple death,path1.jpeg
0a27b27f-ddb7-4f4b-b093-8fc14afafac9,death,death;double death;triple death,path1.jpeg
4e362901-f44a-4026-a349-07d8cba2e511,death,death;double death;triple death,path2.png
9416e7cf-4e9e-4cc6-9bd7-aca3a3fd7367,death,death;double death;triple death,path2.png
6aa348a7-6dd4-4d39-a677-344f04cc5d56,death,death;double death;triple death,path1.jpeg
7c9c60f8-5a39-4574-a711-f0973361bbc6,death,death;double death;triple death,path1.jpeg
375cffd2-132e-461a-a660-107129cd0ce3,death,death;double death;triple death,path1.jpeg
1bff5374-31a6-4dae-8229-136d6b58f72f,death,death;double death;triple death,path2.png
b055f792-b99c-4600-9765-bd52d9f067a2,death,death;double death;triple death,path2.png
f5d5570f-683e-40dc-8e70-fed574b0f9cb,death,death;double death;triple death,path2.png
8167486d-be12-4a73-9283-afc40ae5b00f,death,death;double death;triple death,path1.jpeg
84801d76-3597-4e07-84a2-50735e5d52c0,death,death;double death;triple death,path2.png
36c0668d-b4a6-44da-9092-17b373f35fd0,death,death;double death;triple death,path1.jpeg
51a95571-0728-475e-a935-979388c0b10a,death,death;double death;triple death,path1.jpeg
252ac7c2-9d42-4e63-be5f-581b9edf0924,death,death;double death;triple death,path1.jpeg
2c830d86-457f-4554-bf01-da38705504cb,death,death;double death;triple death,path2.png
2e075563-47fd-4398-b0b6-cc3171d6abc5,death,death;double death;triple death,path2.png
5247691c-507e-4f55-aaba-28ee2ed144d3,death,death;double death;triple death,path1.jpeg
ad23792f-c9fa-46d3-9015-58afc50e1345,death,death;double death;triple death,path2.png
665bfb19-f5f0-432b-a6ff-c47c96350f8e,death,death;double death;triple death,path1.jpeg
bc7e9a89-ddc2-4ea4-a26d-80d0f71900ae,death,death;double death;triple death,path2.png
8b7b375a-8aef-444f-afcf-06cf1dae76b5,death,death;double death;triple death,path1.jpeg
7798f79a-315b-4101-8efd-4b6ce762a0e8,death,death;double death;triple death,path1.jpeg
1d34b23c-a4c2-4378-9332-154f5a4b83c0,death,death;double death;triple death,path1.jpeg
7b3c6831-c061-4e71-bdbd-86c6ea74c17b,death,death;double death;triple death,path2.png
5331c5cb-63d9-483c-86e0-eb837b1f1e43,death,death;double death;triple death,path2.png
84178bbe-c274-4c42-b385-1635727c7377,death,death;double death;triple death,path1.jpeg
4fcf4f0b-cf8c-405b-832c-3cc3ccf2913b,death,death;double death;triple death,path1.jpeg
c5b2483b-fa3f-4103-a994-c046bd9cd388,death,death;double death;triple death,path2.png
c860a610-ea98-4906-8493-a44a96b73710,death,death;double death;triple death,path1.jpeg
054e9835-7b0c-4dd0-b7f3-26046a36c580,death,death;double death;triple death,path1.jpeg
59e76e94-98c7-4cdc-a4e7-e0ece47617d2,death,death;double death;triple death,path2.png
9ee9bc25-fd88-485d-9200-4eba495a33c0,death,death;double death;triple death,path1.jpeg
da31bc77-6edd-4e56-b6db-4d209067e263,death,death;double death;triple death,path2.png
da2558f1-15a0-45d8-88a9-525be8d352e0,death,death;double death;triple death,path1.jpeg
c67cf1a1-4fba-414c-9bf4-0c9c3acdf3d6,death,death;double death;triple death,path2.png
3c585196-c60c-4522-bfac-98462e506467,death,death;double death;triple death,path2.png
ac9e3b8f-80cc-4e89-af68-229a4bf1e342,death,death;double death;triple death,path1.jpeg
1732f7ec-ac1e-49fa-973d-dd1a786c0910,death,death;double death;triple death,path1.jpeg
82e8b0c1-b291-4600-bda7-5a4992957354,death,death;double death;triple death,path2.png
e0874884-727d-48a6-9076-6eac540c8fbe,death,death;double death;triple death,path1.jpeg
d336c6b9-8115-4d83-9688-94c9acc0eeb1,death,death;double death;triple death,path2.png
3ae2b3d6-ed51-48b7-9b03-f1d5a26cdc40,death,death;double death;triple death,path2.png
2a3b3dfb-f8ee-4461-a0d5-962240d00dfa,death,death;double death;triple death,path1.jpeg
c72cb524-f6f9-4042-90e1-1471d633eb2d,death,death;double death;triple death,path2.png
c9f9e7f8-24f0-408e-8472-68643da5e8a0,death,death;double death;triple death,path2.png
ef456b9a-b3b2-45ad-b98b-9022424f5e4c,death,death;double death;triple death,path2.png
09f57a93-ba82-48a8-a0c8-35dd7b7ac407,death,death;double death;triple death,path2.png
253295c5-b941-47a6-a8fc-526b5d37cd44,death,death;double death;triple death,path1.jpeg
6d05232a-168a-4c35-ace5-082d321da634,death,death;double death;triple death,path1.jpeg
65fff2cb-a137-48b0-bed6-c7966776b064,death,death;double death;triple death,path1.jpeg
eaf5f5cb-741b-40de-a8b8-c2d2dd381089,death,death;double death;triple death,path1.jpeg
c6bd528b-7fb9-4253-9fb3-79493decd454,death,death;double death;triple death,path1.jpeg
9b1583f9-9d7e-45c2-91dc-6d4e41b9a46d,death,death;double death;triple death,path2.png
f4c74020-6ca4-4ba0-8cb2-62a2df1ca083,death,death;double death;triple death,path1.jpeg
693017d1-8d50-43d9-bb53-5b64622259d5,death,death;double death;triple death,path1.jpeg
ed5a9884-e296-4be8-ab0f-df2420c4129f,death,death;double death;triple death,path1.jpeg
796a78a5-5da0-452c-a36b-d08820a01682,death,death;double death;triple death,path2.png
b9d5c00b-b128-47a5-b45a-c10089b1b73b,death,death;double death;triple death,path2.png
d8ba2244-3f32-4c2e-a162-96dd2597fd3b,death,death;double death;triple death,path2.png
0c22db5e-6518-477a-b8e4-26c30f90c934,death,death;double death;triple death,path1.jpeg
9e3d0e92-df34-42ff-a353-ce3912451ee4,death,death;double death;triple death,path2.png
0913cd9d-d94e-4d25-bf33-416a7b283b1b,death,death;double death;triple death,path1.jpeg
c73a0433-c8d1-4a11-8eaa-26552d91741f,death,death;double death;triple death,path2.png
a2abad62-874a-437f-aa2c-f15917f35139,death,death;double death;triple death,path2.png
31fef6c6-c75c-4a6b-9378-610431ea8070,death,death;double death;triple death,path2.png
60b3fbae-dd6d-43ea-ab38-b41d4c01d3aa,death,death;double death;triple death,path2.png
9cbdc043-cc7a-4d60-8fcc-97fcca854a69,death,death;double death;triple death,path2.png
d1149ed8-123b-48a2-abe3-f4bfdf4a068f,death,death;double death;triple death,path1.jpeg
c3f6b22e-d0b7-4000-8868-d5e38746c999,death,death;double death;triple death,path1.jpeg
61d52184-18ec-469f-b4ba-3f6b4405acca,death,death;double death;triple death,path2.png
ffb1940a-6ab2-42aa-a82f-4c5c04a45b46,death,death;double death;triple death,path2.png
4f543b4c-ec3f-4b9c-a681-d57cef3347ec,death,death;double death;triple death,path2.png
4ec012dd-56ba-4c7a-a8d3-ccca20269eb3,death,death;double death;triple death,path2.png
e62962ba-6840-4a51-9483-60333d5d51c3,death,death;double death;triple death,path2.png
3bb7c3cd-9c0c-4558-ace7-68e06c138c86,death,death;double death;triple death,path2.png
039c2bbd-07f6-46d5-a5bb-6b26488298df,death,death;double death;triple death,path1.jpeg
07b337de-ed56-47a6-978b-a236ec686beb,death,death;double death;triple death,path1.jpeg
bf750a49-1a34-4631-9a0c-b0d352a7d7ee,death,death;double death;triple death,path2.png
b4c6582c-d74b-408b-98ff-1eca247728c4,death,death;double death;triple death,path2.png
fc08154c-329a-493a-ad3a-4878973387c8,death,death;double death;triple death,path2.png
ced16dd6-16f1-4897-88de-d8f90accfe25,death,death;double death;triple death,path2.png
e213e0bd-4395-44e1-a153-45fe30fa4c9e,death,death;double death;triple death,path1.jpeg
1509edf5-80f5-4f2a-8564-e45fafd68b66,death,death;double death;triple death,path2.png
8bf81bfa-03cb-4e28-96fe-5eb6aa1a3b87,death,death;double death;triple death,path2.png
a049f4fc-c51d-41b0-ad95-c832d8f32227,death,death;double death;triple death,path2.png
e6775e69-8f00-4a04-a253-2ac302e215d8,death,death;double death;triple death,path1.jpeg
8aed6f96-eaf1-443b-bd26-945e33c7ec25,death,death;double death;triple death,path2.png
fb459e13-bd36-45f4-ab79-46e4c49b05a3,death,death;double death;triple death,path2.png
5d050991-75c6-4f48-b9f8-07a22c7e426c,death,death;double death;triple death,path2.png
00e2bae4-d18f-4f67-aa43-69e12f44a6f2,death,death;double death;triple death,path2.png
f65ae700-cc95-46e2-9282-db025ba143d3,death,death;double death;triple death,path2.png
c63793c7-b231-4fa7-a0c6-d293085e3e8e,death,death;double death;triple death,path1.jpeg
472a0094-e6f1-49a3-8efd-85b130044a21,death,death;double death;triple death,path1.jpeg
7f1c7211-bdb4-46db-87f6-84d41f2d2563,death,death;double death;triple death,path1.jpeg
4772123c-43a7-4f6b-a895-e720f7a99e62,death,death;double death;triple death,path2.png
f998953c-cc1a-4b4e-8a49-096a8e74a0c9,death,death;double death;triple death,path2.png
e7cfe7ac-05b9-402e-bb57-1f2546e10089,death,death;double death;triple death,path2.png
90eb041a-7f26-4937-9dfb-0538a07df4f0,death,death;double death;triple death,path2.png
f3bae504-71ba-48db-99ec-12ec103fa347,death,death;double death;triple death,path2.png
8de0b196-9549-4500-8e94-e80a73e175ba,death,death;double death;triple death,path1.jpeg
a0d91058-8a8f-41c7-a276-25d4b56be090,death,death;double death;triple death,path2.png
71e51f81-3cee-43ec-b416-b657812a2bd3,death,death;double death;triple death,path2.png
89316e9d-835b-4717-9660-b0e723592882,death,death;double death;triple death,path2.png
92421909-da56-49fc-a1be-01b3fdf42ece,death,death;double death;triple death,path1.jpeg
a4c25338-ff86-4baa-8e94-150c2de28cc1,death,death;double death;triple death,path1.jpeg
c42fc54d-72bd-48d0-9fb1-548395bd2215,death,death;double death;triple death,path2.png
ed1efb9c-c3d3-4fa7-8d12-5d04acaf3021,death,death;double death;triple death,path1.jpeg
745c673c-f662-46b1-a48c-9b805998d309,death,death;double death;triple death,path1.jpeg
73899740-af6f-4faa-98c4-0182829e5837,death,death;double death;triple death,path2.png
09f36977-e204-4f52-a3c1-5e3467acfe5f,death,death;double death;triple death,path1.jpeg
76219a4b-377c-4950-bcef-c97b370b7284,death,death;double death;triple death,path1.jpeg
45b84c1d-fc17-452c-b815-1b47919c4ee3,death,death;double death;triple death,path2.png
d056a159-b747-4021-8a78-b6cba00be903,death,death;double death;triple death,path2.png
810007fe-dfaf-46ea-870a-1cd42cc8c384,death,death;double death;triple death,path2.png
8d5a9447-0a17-4a50-875c-290b3da7c076,death,death;double death;triple death,path1.jpeg
c5509028-0252-4c83-9d97-b129b4993c5c,death,death;double death;triple death,path1.jpeg
18c4ec6b-34d6-4aec-b0ae-e1f02fb96164,death,death;double death;triple death,path1.jpeg
12af73e5-e9bf-4483-bd67-073a8532d858,death,death;double death;triple death,path2.png
71c0361f-48b8-4a2f-af95-f0503b6f8889,death,death;double death;triple death,path2.png
7ff0d9c3-78ed-49ed-aaa2-290db4d3377a,death,death;double death;triple death,path2.png
febe3f6a-5129-4021-81da-57a96b93bdcf,death,death;double death;triple death,path1.jpeg
eca919bb-95c3-439e-8255-6379dc7fe19b,death,death;double death;triple death,path2.png
1976af25-ea4a-423e-9702-4fe6ab6813ea,death,death;double death;triple death,path1.jpeg
bf7dfda9-c4dc-4906-af28-b5a8eb9493cc,death,death;double death;triple death,path1.jpeg
9af03c7b-47e5-4de9-8105-6eb7e6a65513,death,death;double death;triple death,path2.png
b1a84428-a4cf-4eac-a836-8a16e8fedc90,death,death;double death;triple death,path2.png
04638222-5b92-47a6-8ffc-8ce127ec0239,death,death;double death;triple death,path1.jpeg
2bbffb8c-18ad-4acb-9d5f-66526004be6a,death,death;double death;triple death,path1.jpeg
62c8a7cc-3a28-41a2-87b3-e967065fcdc1,death,death;double death;triple death,path1.jpeg
de2386ab-29fe-440e-8295-5348d3841859,death,death;double death;triple death,path1.jpeg
e0909190-030c-4a53-b804-2a48940695ce,death,death;double death;triple death,path1.jpeg
fdd2b433-354a-4aee-89bc-ad932c9d4de4,death,death;double death;triple death,path1.jpeg
877f3654-3db6-4d27-82db-7e91f27560bc,death,death;double death;triple death,path2.png
a2870005-a157-42ce-8b58-1aa7d49306af,death,death;double death;triple death,path1.jpeg
ac178c4d-d3d8-4a17-bf52-7ad1310d282a,death,death;double death;triple death,path1.jpeg
7b93bc56-46eb-4655-a71e-3cb5040610f5,death,death;double death;triple death,path1.jpeg
a23460d4-77dd-4f06-8fe2-db973920e078,death,death;double death;triple death,path1.jpeg
8058aa4a-5de4-4561-a5a1-eddf1ae18a60,death,death;double death;triple death,path2.png
f7919e50-0de0-49d3-bbf4-05831a819ae0,death,death;double death;triple death,path1.jpeg
7f58d2f3-25b5-4330-93fa-45f15aabe846,death,death;double death;triple death,path1.jpeg
16aae495-362c-42bd-ac84-c0f7c515207b,death,death;double death;triple death,path1.jpeg
8fe6c2ce-7c15-4814-a03e-f2196d0eda03,death,death;double death;triple death,path1.jpeg
8851dc5c-fd69-4f5b-94a8-ef19b436b21d,death,death;double death;triple death,path2.png
c746d246-2cfd-4cbb-bd80-2db36362678c,death,death;double death;triple death,path1.jpeg
5167301b-5854-488a-a090-39a6682be721,death,death;double death;triple death,path2.png
820691d6-617d-4cf5-bfc2-45ed69f21b52,death,death;double death;triple death,path1.jpeg
b7e622a3-d395-4c2c-9acd-f6e52645f5c6,death,death;double death;triple death,path1.jpeg
629ac656-67bb-47d7-a101-2273002689d1,death,death;double death;triple death,path2.png
11e0f436-8594-49b5-bcc5-ee9702cf1475,death,death;double death;triple death,path2.png
7760480c-c4ef-4221-9ac8-7ad093f82906,death,death;double death;triple death,path2.png
bfcc6eae-e7aa-439c-903e-8e39e2845ccb,death,death;double death;triple death,path1.jpeg
07d9465a-519f-46a1-972e-6f5df32c0f9f,death,death;double death;triple death,path2.png
e19991d8-44d3-4051-9267-9d9b2edf1d6a,death,death;double death;triple death,path2.png
9e04db16-f46b-4a29-adf5-850c3568a91d,death,death;double death;triple death,path1.jpeg
d4443811-8ce2-4208-81eb-7b27abec1e36,death,death;double death;triple death,path1.jpeg
12f6a6b0-6037-4d42-8cba-d898928e1d11,death,death;double death;triple death,path1.jpeg
aa078780-e8cd-40ba-a132-32f79368bda9,death,death;double death;triple death,path2.png
3c8dd697-57cf-439e-a924-ecc011ee45d4,death,death;double death;triple death,path2.png
0c737ec0-bb2b-4c6c-add2-efdf866145ae,death,death;double death;triple death,path1.jpeg
829c5dbc-2134-4ef5-96df-5383a2c81f25,death,death;double death;triple death,path1.jpeg
16d2c6b0-f39e-45d2-bfbc-794846d2223f,death,death;double death;triple death,path1.jpeg
6939e9b1-1c03-44aa-97a3-5662ba1ad2ae,death,death;double death;triple death,path1.jpeg
8e26bba4-e6b6-40a6-b2a6-c2938527b141,death,death;double death;triple death,path1.jpeg
d696d062-57fb-4283-82da-a42bb5c274b1,death,death;double death;triple death,path1.jpeg
b5aebb72-9e2f-457d-95e8-0d72aa55ca53,death,death;double death;triple death,path1.jpeg
646a15a2-d943-4a75-8789-c1c13b2113c4,death,death;double death;triple death,path1.jpeg
7ab115db-cf9a-4f10-817f-9dffd183bfd3,death,death;double death;triple death,path1.jpeg
c30e2ae8-84b3-44dc-8f1c-ea7327aefceb,death,death;double death;triple death,path2.png
4e0694e7-c901-492b-88f0-84af688aad78,death,death;double death;triple death,path2.png
8cd7ae35-757f-4daa-a5ac-8b91cf54a7c3,death,death;double death;triple death,path2.png
a0ae235b-a616-431f-9f92-6657090e25d8,death,death;double death;triple death,path2.png
5228d3fb-4c4e-4543-bc18-2ebf8e0bf9aa,death,death;double death;triple death,path1.jpeg
f15f00c6-45b2-440e-8f56-863ddd3b92fe,death,death;double death;triple death,path1.jpeg
8489f63e-c0e6-4e06-9c8c-27a47bf62c1d,death,death;double death;triple death,path1.jpeg
f634fd63-77a5-41a9-bbbc-79a601ebc75a,death,death;double death;triple death,path2.png
f91e020c-e83c-41d7-bed3-6e14ca575b93,death,death;double death;triple death,path1.jpeg
cceebe87-b085-4d9d-94e5-a1fb6de2a958,death,death;double death;triple death,path2.png
e158bb46-28cc-403c-a186-033388c481d0,death,death;double death;triple death,path2.png
6bd924f8-afcc-43be-8805-397716e75807,death,death;double death;triple death,path2.png
95732455-3b4c-44a4-a0a0-0a772c1f2d99,death,death;double death;triple death,path2.png
d777af79-c32d-4e34-9527-9ef263bc63e7,death,death;double death;triple death,path2.png
202c77e7-e554-41f8-a665-3c90bcd0f717,death,death;double death;triple death,path2.png
559b1e00-9e37-4d63-ae5d-3ec7bbab29d8,death,death;double death;triple death,path1.jpeg
a94f817b-8e7a-44e3-b661-632a237d5a5f,death,death;double death;triple death,path2.png
47c108e0-1a66-47d8-945c-ce491ab01aeb,death,death;double death;triple death,path1.jpeg
b8e511bf-1a8e-4f4f-a377-cefad4640478,death,death;double death;triple death,path1.jpeg
ff89fec6-2505-4672-9ff0-97f953b93b3f,death,death;double death;triple death,path2.png
1bd1783f-125b-4fd1-b033-e371bb2f5f2e,death,death;double death;triple death,path2.png
8e7747ab-0077-4e02-a5f3-756dd06d0730,death,death;double death;triple death,path2.png
2f99761f-60c5-45ff-a971-5d8788f3b1df,death,death;double death;triple death,path1.jpeg
aaac149d-2344-4d1e-ae07-1d902bf5235d,death,death;double death;triple death,path2.png
14dc5179-d450-4633-899b-7197a7e74302,death,death;double death;triple death,path2.png
06e4e78d-72e6-4fac-bb12-de4d4d3d0856,death,death;double death;triple death,path1.jpeg
d07a6b12-3e4d-4a79-a653-a03989acf16a,death,death;double death;triple death,path1.jpeg
568ebedd-5a5a-4027-81f3-8185e8ae0174,death,death;double death;triple death,path1.jpeg
d09c3b41-6284-461d-b646-8cc9eaa64b33,death,death;double death;triple death,path2.png
1345110f-dd50-4428-adc9-aa962aec18b0,death,death;double death;triple death,path2.png
b651a57d-81c3-45e5-9ede-edc2ca098c06,death,death;double death;triple death,path2.png
c9f560fe-f0a7-452d-8310-a3dc1ac2d5f4,death,death;double death;triple death,path1.jpeg
d2389b6d-bbe7-4503-add2-62bd3eeda0e8,death,death;double death;triple death,path1.jpeg
0fffb70f-ef06-4102-8b9f-9db1a767ee9e,death,death;double death;triple death,path2.png
b03fda99-87d4-40f4-b1ac-6cefa4bb210c,death,death;double death;triple death,path2.png
